Sample,Cys,Temp,TGA,mz33
LUFA soil,0,36,100,3.55E-09
LUFA soil,0,41,100.02835,3.57E-09
LUFA soil,0,46,100.0389,3.57E-09
LUFA soil,0,51,100.04507,3.58E-09
LUFA soil,0,56,100.05718,3.58E-09
LUFA soil,0,61,100.05517,3.58E-09
LUFA soil,0,66,100.05701,3.58E-09
LUFA soil,0,71,100.051,3.58E-09
LUFA soil,0,76,100.04229,3.58E-09
LUFA soil,0,81,100.03678,3.58E-09
LUFA soil,0,86,100.02758,3.57E-09
LUFA soil,0,91,100.01839,3.57E-09
LUFA soil,0,96,100.00388,3.57E-09
LUFA soil,0,101,99.98713,3.57E-09
LUFA soil,0,106,99.97242,3.56E-09
LUFA soil,0,111,99.9522,3.56E-09
LUFA soil,0,116,99.9338,3.56E-09
LUFA soil,0,121,99.91541,3.55E-09
LUFA soil,0,126,99.9007,3.55E-09
LUFA soil,0,131,99.88231,3.54E-09
LUFA soil,0,136,99.86576,3.54E-09
LUFA soil,0,141,99.85289,3.54E-09
LUFA soil,0,146,99.8345,3.53E-09
LUFA soil,0,151,99.82163,3.53E-09
LUFA soil,0,156,99.81059,3.53E-09
LUFA soil,0,161,99.79772,3.53E-09
LUFA soil,0,166,99.78669,3.52E-09
LUFA soil,0,171,99.7683,3.52E-09
LUFA soil,0,176,99.75911,3.52E-09
LUFA soil,0,181,99.74623,3.52E-09
LUFA soil,0,186,99.73336,3.52E-09
LUFA soil,0,191,99.71858,3.51E-09
LUFA soil,0,196,99.70394,3.51E-09
LUFA soil,0,201,99.68555,3.51E-09
LUFA soil,0,206,99.66716,3.50E-09
LUFA soil,0,211,99.65061,3.50E-09
LUFA soil,0,216,99.62854,3.49E-09
LUFA soil,0,221,99.60279,3.49E-09
LUFA soil,0,226,99.58625,3.48E-09
LUFA soil,0,231,99.56602,3.48E-09
LUFA soil,0,236,99.52554,3.47E-09
LUFA soil,0,241,99.49798,3.47E-09
LUFA soil,0,246,99.46488,3.46E-09
LUFA soil,0,251,99.42443,3.46E-09
LUFA soil,0,256,99.38949,3.45E-09
LUFA soil,0,261,99.3399,3.45E-09
LUFA soil,0,266,99.29386,3.44E-09
LUFA soil,0,271,99.24054,3.44E-09
LUFA soil,0,276,99.18905,3.43E-09
LUFA soil,0,281,99.13201,3.43E-09
LUFA soil,0,286,99.07136,3.43E-09
LUFA soil,0,291,99.0145,3.43E-09
LUFA soil,0,296,98.94999,3.43E-09
LUFA soil,0,301,98.89483,3.44E-09
LUFA soil,0,306,98.83598,3.44E-09
LUFA soil,0,311,98.78265,3.44E-09
LUFA soil,0,316,98.72933,3.44E-09
LUFA soil,0,321,98.67968,3.43E-09
LUFA soil,0,326,98.62635,3.43E-09
LUFA soil,0,331,98.57854,3.43E-09
LUFA soil,0,336,98.52689,3.42E-09
LUFA soil,0,341,98.47741,3.42E-09
LUFA soil,0,346,98.42944,3.42E-09
LUFA soil,0,351,98.38368,3.41E-09
LUFA soil,0,356,98.33764,3.41E-09
LUFA soil,0,361,98.28477,3.41E-09
LUFA soil,0,366,98.24202,3.41E-09
LUFA soil,0,371,98.2034,3.41E-09
LUFA soil,0,376,98.16663,3.41E-09
LUFA soil,0,381,98.12975,3.42E-09
LUFA soil,0,386,98.0951,3.42E-09
LUFA soil,0,391,98.05251,3.42E-09
LUFA soil,0,396,98.02514,3.41E-09
LUFA soil,0,401,97.98274,3.41E-09
LUFA soil,0,406,97.94967,3.41E-09
LUFA soil,0,411,97.90918,3.41E-09
LUFA soil,0,416,97.8816,3.41E-09
LUFA soil,0,421,97.84666,3.40E-09
LUFA soil,0,426,97.80988,3.40E-09
LUFA soil,0,431,97.78414,3.40E-09
LUFA soil,0,436,97.75288,3.40E-09
LUFA soil,0,441,97.71959,3.39E-09
LUFA soil,0,446,97.69403,3.39E-09
LUFA soil,0,451,97.66277,3.39E-09
LUFA soil,0,456,97.63702,3.38E-09
LUFA soil,0,461,97.60765,3.38E-09
LUFA soil,0,466,97.58186,3.37E-09
LUFA soil,0,471,97.55795,3.37E-09
LUFA soil,0,476,97.53221,3.37E-09
LUFA soil,0,481,97.50462,3.36E-09
LUFA soil,0,486,97.48256,3.36E-09
LUFA soil,0,491,97.45681,3.36E-09
LUFA soil,0,496,97.43291,3.36E-09
LUFA soil,0,501,97.41268,3.36E-09
LUFA soil,0,506,97.39613,3.37E-09
LUFA soil,0,511,97.37774,3.37E-09
LUFA soil,0,516,97.36303,3.37E-09
LUFA soil,0,521,97.3428,3.37E-09
LUFA soil,0,526,97.32809,3.37E-09
LUFA soil,0,531,97.3095,3.37E-09
LUFA soil,0,536,97.29502,3.37E-09
LUFA soil,0,541,97.27844,3.36E-09
LUFA soil,0,546,97.25816,3.36E-09
LUFA soil,0,551,97.23799,3.36E-09
LUFA soil,0,556,97.22144,3.36E-09
LUFA soil,0,561,97.20305,3.35E-09
LUFA soil,0,566,97.1773,3.35E-09
LUFA soil,0,571,97.16259,3.34E-09
LUFA soil,0,576,97.1442,3.34E-09
LUFA soil,0,581,97.12949,3.33E-09
LUFA soil,0,586,97.11846,3.33E-09
LUFA soil,0,591,97.09639,3.33E-09
LUFA soil,0,596,97.08702,3.34E-09
LUFA soil,0,601,97.07616,3.34E-09
LUFA soil,0,606,97.06329,3.35E-09
LUFA soil,0,611,97.0449,3.36E-09
LUFA soil,0,616,97.02638,3.36E-09
LUFA soil,0,621,97.0118,3.37E-09
LUFA soil,0,626,96.99893,3.37E-09
LUFA soil,0,631,96.98802,3.37E-09
LUFA soil,0,636,96.97319,3.38E-09
LUFA soil,0,641,96.96215,3.38E-09
LUFA soil,0,646,96.95117,3.38E-09
LUFA soil,0,651,96.94376,3.38E-09
LUFA soil,0,656,96.92537,3.38E-09
LUFA soil,0,661,96.91618,3.38E-09
LUFA soil,0,666,96.91282,3.38E-09
LUFA soil,0,671,96.8941,3.38E-09
LUFA soil,0,676,96.87756,3.38E-09
LUFA soil,0,681,96.85914,3.38E-09
LUFA soil,0,686,96.84998,3.37E-09
LUFA soil,0,691,96.83527,3.37E-09
LUFA soil,0,696,96.80767,3.37E-09
LUFA soil,0,701,96.79297,3.37E-09
LUFA soil,0,706,96.79299,3.37E-09
LUFA soil,0,711,96.77275,3.36E-09
LUFA soil,0,716,96.75806,3.36E-09
LUFA soil,0,721,96.74884,3.35E-09
LUFA soil,0,726,96.73229,3.35E-09
LUFA soil,0,731,96.71932,3.35E-09
LUFA soil,0,736,96.71206,3.35E-09
LUFA soil,0,741,96.69735,3.35E-09
LUFA soil,0,746,96.68832,3.36E-09
LUFA soil,0,751,96.67712,3.36E-09
LUFA soil,0,756,96.65873,3.37E-09
LUFA soil,0,761,96.63115,3.37E-09
LUFA soil,0,766,96.62009,3.37E-09
LUFA soil,0,771,96.60173,3.38E-09
LUFA soil,0,776,96.58885,3.38E-09
LUFA soil,0,781,96.57598,3.38E-09
LUFA soil,0,786,96.56863,3.38E-09
LUFA soil,0,791,96.55391,3.38E-09
LUFA soil,0,796,96.53553,3.39E-09
LUFA soil,0,801,96.53185,3.39E-09
LUFA soil,0,806,96.5245,3.39E-09
LUFA soil,0,811,96.51162,3.40E-09
LUFA soil,0,816,96.48947,3.40E-09
LUFA soil,0,821,96.4822,3.41E-09
LUFA soil,0,826,96.47485,3.42E-09
LUFA soil,0,831,96.4583,3.43E-09
LUFA soil,0,836,96.44542,3.43E-09
LUFA soil,0,841,96.45462,3.44E-09
LUFA soil,0,846,96.4271,3.45E-09
LUFA soil,0,851,96.416,3.46E-09
LUFA soil,0,856,96.40498,3.47E-09
LUFA soil,0,861,96.3921,3.48E-09
LUFA soil,0,866,96.39026,3.50E-09
LUFA soil,0,871,96.37008,3.51E-09
LUFA soil,0,876,96.36451,3.52E-09
LUFA soil,0,881,96.35717,3.53E-09
LUFA soil,0,886,96.35164,3.55E-09
LUFA soil,0,891,96.33877,3.56E-09
LUFA soil,0,896,96.32975,3.57E-09
LUFA soil,0,901,96.31302,3.59E-09
LUFA soil,0,906,96.29647,3.60E-09
LUFA soil,0,911,96.2928,3.61E-09
LUFA soil,0,916,96.26889,3.62E-09
LUFA soil,0,921,96.26154,3.63E-09
LUFA soil,0,926,96.25234,3.64E-09
LUFA soil,0,931,96.23396,3.65E-09
LUFA soil,0,936,96.21924,3.66E-09
LUFA soil,0,941,96.22476,3.67E-09
LUFA soil,0,946,96.19533,3.68E-09
LUFA soil,0,951,96.19166,3.69E-09
LUFA soil,0,956,96.17871,3.71E-09
LUFA soil,0,961,96.1604,3.72E-09
LUFA soil,0,966,96.14754,3.73E-09
LUFA soil,0,971,96.13281,3.75E-09
LUFA soil,0,976,96.10339,3.76E-09
LUFA soil,0,981,96.08501,3.77E-09
LUFA soil,0,986,96.07213,3.77E-09
LUFA soil,0,991,96.06431,3.78E-09
0.24% CYS in soil,2.4,36,100,3.48E-09
0.24% CYS in soil,2.4,41,100.03447,3.52E-09
0.24% CYS in soil,2.4,46,100.04154,3.52E-09
0.24% CYS in soil,2.4,51,100.05131,3.52E-09
0.24% CYS in soil,2.4,56,100.05974,3.53E-09
0.24% CYS in soil,2.4,61,100.05553,3.53E-09
0.24% CYS in soil,2.4,66,100.05357,3.53E-09
0.24% CYS in soil,2.4,71,100.04948,3.53E-09
0.24% CYS in soil,2.4,76,100.03914,3.53E-09
0.24% CYS in soil,2.4,81,100.03502,3.53E-09
0.24% CYS in soil,2.4,86,100.02472,3.53E-09
0.24% CYS in soil,2.4,91,100.01442,3.53E-09
0.24% CYS in soil,2.4,96,99.99991,3.53E-09
0.24% CYS in soil,2.4,101,99.98352,3.53E-09
0.24% CYS in soil,2.4,106,99.96704,3.53E-09
0.24% CYS in soil,2.4,111,99.95468,3.53E-09
0.24% CYS in soil,2.4,116,99.93821,3.53E-09
0.24% CYS in soil,2.4,121,99.91967,3.53E-09
0.24% CYS in soil,2.4,126,99.90113,3.53E-09
0.24% CYS in soil,2.4,131,99.88265,3.53E-09
0.24% CYS in soil,2.4,136,99.86405,3.53E-09
0.24% CYS in soil,2.4,141,99.84964,3.53E-09
0.24% CYS in soil,2.4,146,99.83316,3.53E-09
0.24% CYS in soil,2.4,151,99.82286,3.53E-09
0.24% CYS in soil,2.4,156,99.8105,3.53E-09
0.24% CYS in soil,2.4,161,99.8002,3.53E-09
0.24% CYS in soil,2.4,166,99.7899,3.53E-09
0.24% CYS in soil,2.4,171,99.78166,3.54E-09
0.24% CYS in soil,2.4,176,99.7693,3.55E-09
0.24% CYS in soil,2.4,181,99.75694,3.59E-09
0.24% CYS in soil,2.4,186,99.74253,3.65E-09
0.24% CYS in soil,2.4,191,99.72383,3.75E-09
0.24% CYS in soil,2.4,196,99.71369,3.87E-09
0.24% CYS in soil,2.4,201,99.69515,4.03E-09
0.24% CYS in soil,2.4,206,99.67249,4.20E-09
0.24% CYS in soil,2.4,211,99.65196,4.37E-09
0.24% CYS in soil,2.4,216,99.62295,4.52E-09
0.24% CYS in soil,2.4,221,99.55303,4.63E-09
0.24% CYS in soil,2.4,226,99.49123,4.68E-09
0.24% CYS in soil,2.4,231,99.44798,4.67E-09
0.24% CYS in soil,2.4,236,99.40493,4.62E-09
0.24% CYS in soil,2.4,241,99.37782,4.53E-09
0.24% CYS in soil,2.4,246,99.34293,4.42E-09
0.24% CYS in soil,2.4,251,99.30379,4.31E-09
0.24% CYS in soil,2.4,256,99.26671,4.21E-09
0.24% CYS in soil,2.4,261,99.21733,4.13E-09
0.24% CYS in soil,2.4,266,99.1698,4.06E-09
0.24% CYS in soil,2.4,271,99.11429,4.01E-09
0.24% CYS in soil,2.4,276,99.05455,3.97E-09
0.24% CYS in soil,2.4,281,98.99894,3.94E-09
0.24% CYS in soil,2.4,286,98.93715,3.91E-09
0.24% CYS in soil,2.4,291,98.87492,3.89E-09
0.24% CYS in soil,2.4,296,98.8115,3.86E-09
0.24% CYS in soil,2.4,301,98.75203,3.84E-09
0.24% CYS in soil,2.4,306,98.70071,3.82E-09
0.24% CYS in soil,2.4,311,98.6426,3.80E-09
0.24% CYS in soil,2.4,316,98.58904,3.78E-09
0.24% CYS in soil,2.4,321,98.53329,3.77E-09
0.24% CYS in soil,2.4,326,98.47576,3.75E-09
0.24% CYS in soil,2.4,331,98.4241,3.73E-09
0.24% CYS in soil,2.4,336,98.38103,3.71E-09
0.24% CYS in soil,2.4,341,98.33363,3.69E-09
0.24% CYS in soil,2.4,346,98.28645,3.66E-09
0.24% CYS in soil,2.4,351,98.24299,3.64E-09
0.24% CYS in soil,2.4,356,98.19356,3.62E-09
0.24% CYS in soil,2.4,361,98.14825,3.59E-09
0.24% CYS in soil,2.4,366,98.09473,3.57E-09
0.24% CYS in soil,2.4,371,98.0576,3.56E-09
0.24% CYS in soil,2.4,376,98.01848,3.54E-09
0.24% CYS in soil,2.4,381,97.97545,3.53E-09
0.24% CYS in soil,2.4,386,97.94845,3.51E-09
0.24% CYS in soil,2.4,391,97.90931,3.50E-09
0.24% CYS in soil,2.4,396,97.88254,3.49E-09
0.24% CYS in soil,2.4,401,97.8352,3.48E-09
0.24% CYS in soil,2.4,406,97.80426,3.48E-09
0.24% CYS in soil,2.4,411,97.7672,3.47E-09
0.24% CYS in soil,2.4,416,97.73629,3.46E-09
0.24% CYS in soil,2.4,421,97.70333,3.45E-09
0.24% CYS in soil,2.4,426,97.66832,3.44E-09
0.24% CYS in soil,2.4,431,97.64565,3.43E-09
0.24% CYS in soil,2.4,436,97.61476,3.42E-09
0.24% CYS in soil,2.4,441,97.58592,3.42E-09
0.24% CYS in soil,2.4,446,97.55913,3.41E-09
0.24% CYS in soil,2.4,451,97.53026,3.40E-09
0.24% CYS in soil,2.4,456,97.50559,3.40E-09
0.24% CYS in soil,2.4,461,97.48088,3.40E-09
0.24% CYS in soil,2.4,466,97.45204,3.40E-09
0.24% CYS in soil,2.4,471,97.42526,3.40E-09
0.24% CYS in soil,2.4,476,97.39642,3.40E-09
0.24% CYS in soil,2.4,481,97.37377,3.40E-09
0.24% CYS in soil,2.4,486,97.35523,3.40E-09
0.24% CYS in soil,2.4,491,97.33051,3.40E-09
0.24% CYS in soil,2.4,496,97.30991,3.40E-09
0.24% CYS in soil,2.4,501,97.29137,3.40E-09
0.24% CYS in soil,2.4,506,97.27463,3.40E-09
0.24% CYS in soil,2.4,511,97.25047,3.40E-09
0.24% CYS in soil,2.4,516,97.23988,3.40E-09
0.24% CYS in soil,2.4,521,97.21516,3.39E-09
0.24% CYS in soil,2.4,526,97.19662,3.39E-09
0.24% CYS in soil,2.4,531,97.17809,3.38E-09
0.24% CYS in soil,2.4,536,97.15749,3.38E-09
0.24% CYS in soil,2.4,541,97.14101,3.38E-09
0.24% CYS in soil,2.4,546,97.12659,3.38E-09
0.24% CYS in soil,2.4,551,97.11217,3.38E-09
0.24% CYS in soil,2.4,556,97.09981,3.38E-09
0.24% CYS in soil,2.4,561,97.07715,3.38E-09
0.24% CYS in soil,2.4,566,97.05656,3.38E-09
0.24% CYS in soil,2.4,571,97.04626,3.38E-09
0.24% CYS in soil,2.4,576,97.02566,3.38E-09
0.24% CYS in soil,2.4,581,97.00918,3.38E-09
0.24% CYS in soil,2.4,586,96.99888,3.38E-09
0.24% CYS in soil,2.4,591,96.9824,3.38E-09
0.24% CYS in soil,2.4,596,96.97418,3.38E-09
0.24% CYS in soil,2.4,601,96.96181,3.38E-09
0.24% CYS in soil,2.4,606,96.93915,3.38E-09
0.24% CYS in soil,2.4,611,96.92473,3.38E-09
0.24% CYS in soil,2.4,616,96.91443,3.38E-09
0.24% CYS in soil,2.4,621,96.89178,3.38E-09
0.24% CYS in soil,2.4,626,96.88354,3.39E-09
0.24% CYS in soil,2.4,631,96.87324,3.39E-09
0.24% CYS in soil,2.4,636,96.865,3.39E-09
0.24% CYS in soil,2.4,641,96.84642,3.40E-09
0.24% CYS in soil,2.4,646,96.83616,3.40E-09
0.24% CYS in soil,2.4,651,96.82608,3.40E-09
0.24% CYS in soil,2.4,656,96.80526,3.40E-09
0.24% CYS in soil,2.4,661,96.7929,3.40E-09
0.24% CYS in soil,2.4,666,96.78878,3.40E-09
0.24% CYS in soil,2.4,671,96.77643,3.40E-09
0.24% CYS in soil,2.4,676,96.7627,3.40E-09
0.24% CYS in soil,2.4,681,96.74759,3.40E-09
0.24% CYS in soil,2.4,686,96.73111,3.40E-09
0.24% CYS in soil,2.4,691,96.72287,3.40E-09
0.24% CYS in soil,2.4,696,96.71463,3.40E-09
0.24% CYS in soil,2.4,701,96.69815,3.40E-09
0.24% CYS in soil,2.4,706,96.68991,3.39E-09
0.24% CYS in soil,2.4,711,96.6755,3.39E-09
0.24% CYS in soil,2.4,716,96.6652,3.39E-09
0.24% CYS in soil,2.4,721,96.6549,3.39E-09
0.24% CYS in soil,2.4,726,96.63842,3.39E-09
0.24% CYS in soil,2.4,731,96.63018,3.39E-09
0.24% CYS in soil,2.4,736,96.61576,3.40E-09
0.24% CYS in soil,2.4,741,96.60952,3.40E-09
0.24% CYS in soil,2.4,746,96.5931,3.41E-09
0.24% CYS in soil,2.4,751,96.58055,3.42E-09
0.24% CYS in soil,2.4,756,96.56839,3.42E-09
0.24% CYS in soil,2.4,761,96.55191,3.43E-09
0.24% CYS in soil,2.4,766,96.54367,3.44E-09
0.24% CYS in soil,2.4,771,96.52719,3.44E-09
0.24% CYS in soil,2.4,776,96.51895,3.44E-09
0.24% CYS in soil,2.4,781,96.50656,3.45E-09
0.24% CYS in soil,2.4,786,96.49423,3.45E-09
0.24% CYS in soil,2.4,791,96.48394,3.46E-09
0.24% CYS in soil,2.4,796,96.47364,3.46E-09
0.24% CYS in soil,2.4,801,96.46128,3.47E-09
0.24% CYS in soil,2.4,806,96.44896,3.48E-09
0.24% CYS in soil,2.4,811,96.43656,3.48E-09
0.24% CYS in soil,2.4,816,96.43026,3.49E-09
0.24% CYS in soil,2.4,821,96.41596,3.50E-09
0.24% CYS in soil,2.4,826,96.4036,3.51E-09
0.24% CYS in soil,2.4,831,96.39331,3.52E-09
0.24% CYS in soil,2.4,836,96.37889,3.53E-09
0.24% CYS in soil,2.4,841,96.37065,3.54E-09
0.24% CYS in soil,2.4,846,96.35005,3.55E-09
0.24% CYS in soil,2.4,851,96.33975,3.56E-09
0.24% CYS in soil,2.4,856,96.32533,3.57E-09
0.24% CYS in soil,2.4,861,96.30885,3.58E-09
0.24% CYS in soil,2.4,866,96.31091,3.59E-09
0.24% CYS in soil,2.4,871,96.29867,3.60E-09
0.24% CYS in soil,2.4,876,96.28224,3.61E-09
0.24% CYS in soil,2.4,881,96.27796,3.62E-09
0.24% CYS in soil,2.4,886,96.26561,3.63E-09
0.24% CYS in soil,2.4,891,96.2553,3.64E-09
0.24% CYS in soil,2.4,896,96.24088,3.65E-09
0.24% CYS in soil,2.4,901,96.22647,3.66E-09
0.24% CYS in soil,2.4,906,96.21406,3.67E-09
0.24% CYS in soil,2.4,911,96.19766,3.68E-09
0.24% CYS in soil,2.4,916,96.18939,3.70E-09
0.24% CYS in soil,2.4,921,96.1729,3.71E-09
0.24% CYS in soil,2.4,926,96.16055,3.72E-09
0.24% CYS in soil,2.4,931,96.14834,3.73E-09
0.24% CYS in soil,2.4,936,96.13583,3.75E-09
0.24% CYS in soil,2.4,941,96.12141,3.76E-09
0.24% CYS in soil,2.4,946,96.11317,3.77E-09
0.24% CYS in soil,2.4,951,96.09258,3.78E-09
0.24% CYS in soil,2.4,956,96.08228,3.79E-09
0.24% CYS in soil,2.4,961,96.06374,3.80E-09
0.24% CYS in soil,2.4,966,96.04932,3.80E-09
0.24% CYS in soil,2.4,971,96.02666,3.81E-09
0.24% CYS in soil,2.4,976,96.01606,3.82E-09
0.24% CYS in soil,2.4,981,95.99577,3.82E-09
0.24% CYS in soil,2.4,986,95.98135,3.82E-09
0.24% CYS in soil,2.4,991,95.96693,3.83E-09
0.59% CYS in soil,5.9,36,100,3.46E-09
0.59% CYS in soil,5.9,41,100.02716,3.52E-09
0.59% CYS in soil,5.9,46,100.03536,3.54E-09
0.59% CYS in soil,5.9,51,100.03683,3.55E-09
0.59% CYS in soil,5.9,56,100.05072,3.56E-09
0.59% CYS in soil,5.9,61,100.05699,3.56E-09
0.59% CYS in soil,5.9,66,100.05262,3.56E-09
0.59% CYS in soil,5.9,71,100.05071,3.56E-09
0.59% CYS in soil,5.9,76,100.04292,3.56E-09
0.59% CYS in soil,5.9,81,100.03511,3.56E-09
0.59% CYS in soil,5.9,86,100.02146,3.56E-09
0.59% CYS in soil,5.9,91,100.01366,3.55E-09
0.59% CYS in soil,5.9,96,100.00001,3.54E-09
0.59% CYS in soil,5.9,101,99.98244,3.54E-09
0.59% CYS in soil,5.9,106,99.96693,3.53E-09
0.59% CYS in soil,5.9,111,99.94928,3.52E-09
0.59% CYS in soil,5.9,116,99.93758,3.52E-09
0.59% CYS in soil,5.9,121,99.91807,3.51E-09
0.59% CYS in soil,5.9,126,99.90636,3.51E-09
0.59% CYS in soil,5.9,131,99.89076,3.50E-09
0.59% CYS in soil,5.9,136,99.87515,3.50E-09
0.59% CYS in soil,5.9,141,99.85954,3.49E-09
0.59% CYS in soil,5.9,146,99.84394,3.49E-09
0.59% CYS in soil,5.9,151,99.83418,3.50E-09
0.59% CYS in soil,5.9,156,99.82248,3.51E-09
0.59% CYS in soil,5.9,161,99.81273,3.53E-09
0.59% CYS in soil,5.9,166,99.80297,3.57E-09
0.59% CYS in soil,5.9,171,99.79127,3.65E-09
0.59% CYS in soil,5.9,176,99.77956,3.78E-09
0.59% CYS in soil,5.9,181,99.76981,3.98E-09
0.59% CYS in soil,5.9,186,99.7542,4.27E-09
0.59% CYS in soil,5.9,191,99.73452,4.67E-09
0.59% CYS in soil,5.9,196,99.72104,5.13E-09
0.59% CYS in soil,5.9,201,99.70153,5.62E-09
0.59% CYS in soil,5.9,206,99.68397,6.06E-09
0.59% CYS in soil,5.9,211,99.66448,6.39E-09
0.59% CYS in soil,5.9,216,99.56116,6.55E-09
0.59% CYS in soil,5.9,221,99.35998,6.52E-09
0.59% CYS in soil,5.9,226,99.22772,6.33E-09
0.59% CYS in soil,5.9,231,99.18263,6.02E-09
0.59% CYS in soil,5.9,236,99.14946,5.64E-09
0.59% CYS in soil,5.9,241,99.11825,5.27E-09
0.59% CYS in soil,5.9,246,99.08509,4.94E-09
0.59% CYS in soil,5.9,251,99.04022,4.69E-09
0.59% CYS in soil,5.9,256,99.00511,4.50E-09
0.59% CYS in soil,5.9,261,98.95458,4.36E-09
0.59% CYS in soil,5.9,266,98.91167,4.27E-09
0.59% CYS in soil,5.9,271,98.85687,4.20E-09
0.59% CYS in soil,5.9,276,98.79637,4.14E-09
0.59% CYS in soil,5.9,281,98.73785,4.09E-09
0.59% CYS in soil,5.9,286,98.67737,4.05E-09
0.59% CYS in soil,5.9,291,98.61303,4.01E-09
0.59% CYS in soil,5.9,296,98.54553,3.98E-09
0.59% CYS in soil,5.9,301,98.4901,3.94E-09
0.59% CYS in soil,5.9,306,98.42963,3.91E-09
0.59% CYS in soil,5.9,311,98.37496,3.88E-09
0.59% CYS in soil,5.9,316,98.32038,3.85E-09
0.59% CYS in soil,5.9,321,98.2657,3.83E-09
0.59% CYS in soil,5.9,326,98.20726,3.80E-09
0.59% CYS in soil,5.9,331,98.15847,3.78E-09
0.59% CYS in soil,5.9,336,98.11217,3.76E-09
0.59% CYS in soil,5.9,341,98.06288,3.73E-09
0.59% CYS in soil,5.9,346,98.01021,3.71E-09
0.59% CYS in soil,5.9,351,97.95764,3.68E-09
0.59% CYS in soil,5.9,356,97.91644,3.66E-09
0.59% CYS in soil,5.9,361,97.86585,3.64E-09
0.59% CYS in soil,5.9,366,97.81903,3.62E-09
0.59% CYS in soil,5.9,371,97.78003,3.60E-09
0.59% CYS in soil,5.9,376,97.73516,3.58E-09
0.59% CYS in soil,5.9,381,97.69614,3.57E-09
0.59% CYS in soil,5.9,386,97.66882,3.56E-09
0.59% CYS in soil,5.9,391,97.63371,3.55E-09
0.59% CYS in soil,5.9,396,97.60457,3.55E-09
0.59% CYS in soil,5.9,401,97.55958,3.54E-09
0.59% CYS in soil,5.9,406,97.5275,3.53E-09
0.59% CYS in soil,5.9,411,97.40352,3.52E-09
0.59% CYS in soil,5.9,416,97.37231,3.51E-09
0.59% CYS in soil,5.9,421,97.34109,3.50E-09
0.59% CYS in soil,5.9,426,97.30598,3.49E-09
0.59% CYS in soil,5.9,431,97.28116,3.47E-09
0.59% CYS in soil,5.9,436,97.24941,3.46E-09
0.59% CYS in soil,5.9,441,97.22795,3.45E-09
0.59% CYS in soil,5.9,446,97.19869,3.44E-09
0.59% CYS in soil,5.9,451,97.17333,3.43E-09
0.59% CYS in soil,5.9,456,97.14017,3.43E-09
0.59% CYS in soil,5.9,461,97.11871,3.42E-09
0.59% CYS in soil,5.9,466,97.0914,3.42E-09
0.59% CYS in soil,5.9,471,97.0715,3.42E-09
0.59% CYS in soil,5.9,476,97.04652,3.42E-09
0.59% CYS in soil,5.9,481,97.02312,3.42E-09
0.59% CYS in soil,5.9,486,97.00556,3.42E-09
0.59% CYS in soil,5.9,491,96.9763,3.42E-09
0.59% CYS in soil,5.9,496,96.95679,3.42E-09
0.59% CYS in soil,5.9,501,96.93924,3.42E-09
0.59% CYS in soil,5.9,506,96.92168,3.42E-09
0.59% CYS in soil,5.9,511,96.90607,3.42E-09
0.59% CYS in soil,5.9,516,96.89437,3.42E-09
0.59% CYS in soil,5.9,521,96.87275,3.42E-09
0.59% CYS in soil,5.9,526,96.85927,3.42E-09
0.59% CYS in soil,5.9,531,96.84068,3.41E-09
0.59% CYS in soil,5.9,536,96.82609,3.41E-09
0.59% CYS in soil,5.9,541,96.81244,3.41E-09
0.59% CYS in soil,5.9,546,96.79488,3.41E-09
0.59% CYS in soil,5.9,551,96.77732,3.41E-09
0.59% CYS in soil,5.9,556,96.76562,3.41E-09
0.59% CYS in soil,5.9,561,96.74611,3.41E-09
0.59% CYS in soil,5.9,566,96.73245,3.41E-09
0.59% CYS in soil,5.9,571,96.71885,3.41E-09
0.59% CYS in soil,5.9,576,96.69734,3.41E-09
0.59% CYS in soil,5.9,581,96.67588,3.41E-09
0.59% CYS in soil,5.9,586,96.67393,3.41E-09
0.59% CYS in soil,5.9,591,96.65832,3.41E-09
0.59% CYS in soil,5.9,596,96.6507,3.41E-09
0.59% CYS in soil,5.9,601,96.63296,3.41E-09
0.59% CYS in soil,5.9,606,96.61541,3.41E-09
0.59% CYS in soil,5.9,611,96.59784,3.40E-09
0.59% CYS in soil,5.9,616,96.58224,3.40E-09
0.59% CYS in soil,5.9,621,96.56664,3.40E-09
0.59% CYS in soil,5.9,626,96.54713,3.40E-09
0.59% CYS in soil,5.9,631,96.54128,3.40E-09
0.59% CYS in soil,5.9,636,96.53347,3.40E-09
0.59% CYS in soil,5.9,641,96.51787,3.40E-09
0.59% CYS in soil,5.9,646,96.50616,3.40E-09
0.59% CYS in soil,5.9,651,96.49056,3.40E-09
0.59% CYS in soil,5.9,656,96.47885,3.39E-09
0.59% CYS in soil,5.9,661,96.47105,3.39E-09
0.59% CYS in soil,5.9,666,96.46325,3.39E-09
0.59% CYS in soil,5.9,671,96.44959,3.39E-09
0.59% CYS in soil,5.9,676,96.43984,3.39E-09
0.59% CYS in soil,5.9,681,96.42229,3.39E-09
0.59% CYS in soil,5.9,686,96.40862,3.38E-09
0.59% CYS in soil,5.9,691,96.39598,3.38E-09
0.59% CYS in soil,5.9,696,96.38131,3.38E-09
0.59% CYS in soil,5.9,701,96.36766,3.38E-09
0.59% CYS in soil,5.9,706,96.36376,3.38E-09
0.59% CYS in soil,5.9,711,96.34425,3.38E-09
0.59% CYS in soil,5.9,716,96.33452,3.38E-09
0.59% CYS in soil,5.9,721,96.32489,3.38E-09
0.59% CYS in soil,5.9,726,96.30914,3.38E-09
0.59% CYS in soil,5.9,731,96.30133,3.38E-09
0.59% CYS in soil,5.9,736,96.27597,3.38E-09
0.59% CYS in soil,5.9,741,96.27402,3.38E-09
0.59% CYS in soil,5.9,746,96.26037,3.38E-09
0.59% CYS in soil,5.9,751,96.24085,3.38E-09
0.59% CYS in soil,5.9,756,96.2272,3.38E-09
0.59% CYS in soil,5.9,761,96.2116,3.38E-09
0.59% CYS in soil,5.9,766,96.20379,3.38E-09
0.59% CYS in soil,5.9,771,96.20184,3.38E-09
0.59% CYS in soil,5.9,776,96.18438,3.38E-09
0.59% CYS in soil,5.9,781,96.17063,3.38E-09
0.59% CYS in soil,5.9,786,96.16283,3.38E-09
0.59% CYS in soil,5.9,791,96.14332,3.38E-09
0.59% CYS in soil,5.9,796,96.13552,3.38E-09
0.59% CYS in soil,5.9,801,96.12966,3.38E-09
0.59% CYS in soil,5.9,806,96.11796,3.38E-09
0.59% CYS in soil,5.9,811,96.1023,3.39E-09
0.59% CYS in soil,5.9,816,96.09262,3.39E-09
0.59% CYS in soil,5.9,821,96.08089,3.40E-09
0.59% CYS in soil,5.9,826,96.07504,3.41E-09
0.59% CYS in soil,5.9,831,96.06334,3.42E-09
0.59% CYS in soil,5.9,836,96.03797,3.43E-09
0.59% CYS in soil,5.9,841,96.03993,3.44E-09
0.59% CYS in soil,5.9,846,95.99116,3.45E-09
0.59% CYS in soil,5.9,851,95.97165,3.46E-09
0.59% CYS in soil,5.9,856,95.96788,3.46E-09
0.59% CYS in soil,5.9,861,95.95214,3.47E-09
0.59% CYS in soil,5.9,866,95.94434,3.47E-09
0.59% CYS in soil,5.9,871,95.94621,3.48E-09
0.59% CYS in soil,5.9,876,95.93263,3.48E-09
0.59% CYS in soil,5.9,881,95.92483,3.49E-09
0.59% CYS in soil,5.9,886,95.91118,3.49E-09
0.59% CYS in soil,5.9,891,95.90142,3.50E-09
0.59% CYS in soil,5.9,896,95.88387,3.51E-09
0.59% CYS in soil,5.9,901,95.87216,3.52E-09
0.59% CYS in soil,5.9,906,95.8581,3.53E-09
0.59% CYS in soil,5.9,911,95.8429,3.54E-09
0.59% CYS in soil,5.9,916,95.8351,3.55E-09
0.59% CYS in soil,5.9,921,95.81948,3.56E-09
0.59% CYS in soil,5.9,926,95.81169,3.57E-09
0.59% CYS in soil,5.9,931,95.79998,3.58E-09
0.59% CYS in soil,5.9,936,95.78438,3.58E-09
0.59% CYS in soil,5.9,941,95.77267,3.59E-09
0.59% CYS in soil,5.9,946,95.75291,3.60E-09
0.59% CYS in soil,5.9,951,95.74731,3.61E-09
0.59% CYS in soil,5.9,956,95.7278,3.61E-09
0.59% CYS in soil,5.9,961,95.71025,3.62E-09
0.59% CYS in soil,5.9,966,95.68493,3.63E-09
0.59% CYS in soil,5.9,971,95.67708,3.63E-09
0.59% CYS in soil,5.9,976,95.65953,3.63E-09
0.59% CYS in soil,5.9,981,95.65172,3.64E-09
0.59% CYS in soil,5.9,986,95.63222,3.64E-09
0.59% CYS in soil,5.9,991,95.61487,3.63E-09
0.95% CYS in soil,9.5,36,100,3.50E-09
0.95% CYS in soil,9.5,41,100.03287,3.53E-09
0.95% CYS in soil,9.5,46,100.04494,3.54E-09
0.95% CYS in soil,9.5,51,100.05244,3.54E-09
0.95% CYS in soil,9.5,56,100.0603,3.55E-09
0.95% CYS in soil,9.5,61,100.06228,3.55E-09
0.95% CYS in soil,9.5,66,100.06033,3.55E-09
0.95% CYS in soil,9.5,71,100.05447,3.55E-09
0.95% CYS in soil,9.5,76,100.04865,3.55E-09
0.95% CYS in soil,9.5,81,100.04282,3.55E-09
0.95% CYS in soil,9.5,86,100.03309,3.54E-09
0.95% CYS in soil,9.5,91,100.0253,3.54E-09
0.95% CYS in soil,9.5,96,100.01753,3.54E-09
0.95% CYS in soil,9.5,101,99.99631,3.53E-09
0.95% CYS in soil,9.5,106,99.98054,3.53E-09
0.95% CYS in soil,9.5,111,99.96886,3.52E-09
0.95% CYS in soil,9.5,116,99.95524,3.52E-09
0.95% CYS in soil,9.5,121,99.94161,3.52E-09
0.95% CYS in soil,9.5,126,99.92993,3.51E-09
0.95% CYS in soil,9.5,131,99.91826,3.51E-09
0.95% CYS in soil,9.5,136,99.90074,3.50E-09
0.95% CYS in soil,9.5,141,99.89101,3.50E-09
0.95% CYS in soil,9.5,146,99.87544,3.50E-09
0.95% CYS in soil,9.5,151,99.86571,3.51E-09
0.95% CYS in soil,9.5,156,99.85403,3.53E-09
0.95% CYS in soil,9.5,161,99.8443,3.56E-09
0.95% CYS in soil,9.5,166,99.83846,3.64E-09
0.95% CYS in soil,9.5,171,99.82873,3.79E-09
0.95% CYS in soil,9.5,176,99.81705,4.06E-09
0.95% CYS in soil,9.5,181,99.80537,4.48E-09
0.95% CYS in soil,9.5,186,99.79759,5.09E-09
0.95% CYS in soil,9.5,191,99.77615,5.90E-09
0.95% CYS in soil,9.5,196,99.76442,6.86E-09
0.95% CYS in soil,9.5,201,99.75087,7.87E-09
0.95% CYS in soil,9.5,206,99.72543,8.80E-09
0.95% CYS in soil,9.5,211,99.69441,9.52E-09
0.95% CYS in soil,9.5,216,99.57146,9.88E-09
0.95% CYS in soil,9.5,221,99.26435,9.82E-09
0.95% CYS in soil,9.5,226,99.04826,9.35E-09
0.95% CYS in soil,9.5,231,98.97038,8.59E-09
0.95% CYS in soil,9.5,236,98.93533,7.66E-09
0.95% CYS in soil,9.5,241,98.90229,6.72E-09
0.95% CYS in soil,9.5,246,98.87504,5.88E-09
0.95% CYS in soil,9.5,251,98.83846,5.21E-09
0.95% CYS in soil,9.5,256,98.81082,4.72E-09
0.95% CYS in soil,9.5,261,98.76372,4.39E-09
0.95% CYS in soil,9.5,266,98.72517,4.18E-09
0.95% CYS in soil,9.5,271,98.67262,4.05E-09
0.95% CYS in soil,9.5,276,98.62592,3.97E-09
0.95% CYS in soil,9.5,281,98.57531,3.93E-09
0.95% CYS in soil,9.5,286,98.5247,3.89E-09
0.95% CYS in soil,9.5,291,98.47216,3.87E-09
0.95% CYS in soil,9.5,296,98.41964,3.85E-09
0.95% CYS in soil,9.5,301,98.36706,3.83E-09
0.95% CYS in soil,9.5,306,98.31456,3.82E-09
0.95% CYS in soil,9.5,311,98.27363,3.80E-09
0.95% CYS in soil,9.5,316,98.22692,3.78E-09
0.95% CYS in soil,9.5,321,98.18022,3.77E-09
0.95% CYS in soil,9.5,326,98.1334,3.75E-09
0.95% CYS in soil,9.5,331,98.08673,3.73E-09
0.95% CYS in soil,9.5,336,98.04592,3.71E-09
0.95% CYS in soil,9.5,341,98.00299,3.69E-09
0.95% CYS in soil,9.5,346,97.95834,3.66E-09
0.95% CYS in soil,9.5,351,97.91941,3.64E-09
0.95% CYS in soil,9.5,356,97.88243,3.62E-09
0.95% CYS in soil,9.5,361,97.83957,3.59E-09
0.95% CYS in soil,9.5,366,97.79874,3.57E-09
0.95% CYS in soil,9.5,371,97.7676,3.55E-09
0.95% CYS in soil,9.5,376,97.73647,3.53E-09
0.95% CYS in soil,9.5,381,97.70337,3.51E-09
0.95% CYS in soil,9.5,386,97.67612,3.50E-09
0.95% CYS in soil,9.5,391,97.64498,3.49E-09
0.95% CYS in soil,9.5,396,97.61968,3.48E-09
0.95% CYS in soil,9.5,401,97.58464,3.47E-09
0.95% CYS in soil,9.5,406,97.56139,3.47E-09
0.95% CYS in soil,9.5,411,97.53015,3.46E-09
0.95% CYS in soil,9.5,416,97.5029,3.45E-09
0.95% CYS in soil,9.5,421,97.47371,3.45E-09
0.95% CYS in soil,9.5,426,97.44256,3.44E-09
0.95% CYS in soil,9.5,431,97.42505,3.43E-09
0.95% CYS in soil,9.5,436,97.39585,3.43E-09
0.95% CYS in soil,9.5,441,97.3725,3.42E-09
0.95% CYS in soil,9.5,446,97.35304,3.41E-09
0.95% CYS in soil,9.5,451,97.32437,3.41E-09
0.95% CYS in soil,9.5,456,97.30438,3.41E-09
0.95% CYS in soil,9.5,461,97.28294,3.40E-09
0.95% CYS in soil,9.5,466,97.26351,3.40E-09
0.95% CYS in soil,9.5,471,97.2421,3.40E-09
0.95% CYS in soil,9.5,476,97.22263,3.40E-09
0.95% CYS in soil,9.5,481,97.20317,3.39E-09
0.95% CYS in soil,9.5,486,97.17787,3.39E-09
0.95% CYS in soil,9.5,491,97.15841,3.39E-09
0.95% CYS in soil,9.5,496,97.14283,3.39E-09
0.95% CYS in soil,9.5,501,97.12535,3.39E-09
0.95% CYS in soil,9.5,506,97.11363,3.39E-09
0.95% CYS in soil,9.5,511,97.10389,3.38E-09
0.95% CYS in soil,9.5,516,97.09223,3.38E-09
0.95% CYS in soil,9.5,521,97.0708,3.38E-09
0.95% CYS in soil,9.5,526,97.05136,3.38E-09
0.95% CYS in soil,9.5,531,97.03968,3.38E-09
0.95% CYS in soil,9.5,536,97.01824,3.37E-09
0.95% CYS in soil,9.5,541,96.99451,3.37E-09
0.95% CYS in soil,9.5,546,96.98129,3.37E-09
0.95% CYS in soil,9.5,551,96.96377,3.37E-09
0.95% CYS in soil,9.5,556,96.95599,3.37E-09
0.95% CYS in soil,9.5,561,96.94431,3.37E-09
0.95% CYS in soil,9.5,566,96.9229,3.37E-09
0.95% CYS in soil,9.5,571,96.91609,3.37E-09
0.95% CYS in soil,9.5,576,96.89371,3.37E-09
0.95% CYS in soil,9.5,581,96.87815,3.36E-09
0.95% CYS in soil,9.5,586,96.86451,3.36E-09
0.95% CYS in soil,9.5,591,96.85478,3.36E-09
0.95% CYS in soil,9.5,596,96.847,3.36E-09
0.95% CYS in soil,9.5,601,96.83337,3.36E-09
0.95% CYS in soil,9.5,606,96.8178,3.37E-09
0.95% CYS in soil,9.5,611,96.80807,3.37E-09
0.95% CYS in soil,9.5,616,96.79056,3.37E-09
0.95% CYS in soil,9.5,621,96.77498,3.38E-09
0.95% CYS in soil,9.5,626,96.76136,3.38E-09
0.95% CYS in soil,9.5,631,96.74754,3.38E-09
0.95% CYS in soil,9.5,636,96.73606,3.38E-09
0.95% CYS in soil,9.5,641,96.72049,3.38E-09
0.95% CYS in soil,9.5,646,96.7166,3.37E-09
0.95% CYS in soil,9.5,651,96.70881,3.36E-09
0.95% CYS in soil,9.5,656,96.69519,3.36E-09
0.95% CYS in soil,9.5,661,96.6874,3.35E-09
0.95% CYS in soil,9.5,666,96.67962,3.35E-09
0.95% CYS in soil,9.5,671,96.67376,3.34E-09
0.95% CYS in soil,9.5,676,96.65626,3.34E-09
0.95% CYS in soil,9.5,681,96.64653,3.34E-09
0.95% CYS in soil,9.5,686,96.6368,3.35E-09
0.95% CYS in soil,9.5,691,96.61344,3.35E-09
0.95% CYS in soil,9.5,696,96.60176,3.36E-09
0.95% CYS in soil,9.5,701,96.59398,3.36E-09
0.95% CYS in soil,9.5,706,96.58814,3.37E-09
0.95% CYS in soil,9.5,711,96.56867,3.37E-09
0.95% CYS in soil,9.5,716,96.56089,3.37E-09
0.95% CYS in soil,9.5,721,96.55116,3.37E-09
0.95% CYS in soil,9.5,726,96.52801,3.38E-09
0.95% CYS in soil,9.5,731,96.52391,3.38E-09
0.95% CYS in soil,9.5,736,96.51613,3.37E-09
0.95% CYS in soil,9.5,741,96.51225,3.37E-09
0.95% CYS in soil,9.5,746,96.50056,3.37E-09
0.95% CYS in soil,9.5,751,96.49472,3.37E-09
0.95% CYS in soil,9.5,756,96.47526,3.36E-09
0.95% CYS in soil,9.5,761,96.46552,3.36E-09
0.95% CYS in soil,9.5,766,96.45774,3.36E-09
0.95% CYS in soil,9.5,771,96.44022,3.36E-09
0.95% CYS in soil,9.5,776,96.42445,3.36E-09
0.95% CYS in soil,9.5,781,96.42079,3.36E-09
0.95% CYS in soil,9.5,786,96.40908,3.37E-09
0.95% CYS in soil,9.5,791,96.4013,3.37E-09
0.95% CYS in soil,9.5,796,96.38767,3.38E-09
0.95% CYS in soil,9.5,801,96.38183,3.38E-09
0.95% CYS in soil,9.5,806,96.36527,3.38E-09
0.95% CYS in soil,9.5,811,96.36237,3.39E-09
0.95% CYS in soil,9.5,816,96.35459,3.39E-09
0.95% CYS in soil,9.5,821,96.3468,3.39E-09
0.95% CYS in soil,9.5,826,96.33317,3.40E-09
0.95% CYS in soil,9.5,831,96.31957,3.40E-09
0.95% CYS in soil,9.5,836,96.31307,3.40E-09
0.95% CYS in soil,9.5,841,96.30203,3.41E-09
0.95% CYS in soil,9.5,846,96.28646,3.41E-09
0.95% CYS in soil,9.5,851,96.28062,3.42E-09
0.95% CYS in soil,9.5,856,96.27284,3.43E-09
0.95% CYS in soil,9.5,861,96.27089,3.43E-09
0.95% CYS in soil,9.5,866,96.26311,3.44E-09
0.95% CYS in soil,9.5,871,96.22418,3.45E-09
0.95% CYS in soil,9.5,876,96.17747,3.45E-09
0.95% CYS in soil,9.5,881,96.17163,3.46E-09
0.95% CYS in soil,9.5,886,96.15606,3.47E-09
0.95% CYS in soil,9.5,891,96.14633,3.47E-09
0.95% CYS in soil,9.5,896,96.12881,3.48E-09
0.95% CYS in soil,9.5,901,96.12707,3.48E-09
0.95% CYS in soil,9.5,906,96.11519,3.49E-09
0.95% CYS in soil,9.5,911,96.10157,3.49E-09
0.95% CYS in soil,9.5,916,96.09378,3.50E-09
0.95% CYS in soil,9.5,921,96.08405,3.51E-09
0.95% CYS in soil,9.5,926,96.07237,3.52E-09
0.95% CYS in soil,9.5,931,96.05875,3.53E-09
0.95% CYS in soil,9.5,936,96.04513,3.54E-09
0.95% CYS in soil,9.5,941,96.03928,3.55E-09
0.95% CYS in soil,9.5,946,96.02761,3.56E-09
0.95% CYS in soil,9.5,951,96.01593,3.57E-09
0.95% CYS in soil,9.5,956,95.99841,3.57E-09
0.95% CYS in soil,9.5,961,95.98868,3.58E-09
0.95% CYS in soil,9.5,966,95.97506,3.58E-09
0.95% CYS in soil,9.5,971,95.96143,3.59E-09
0.95% CYS in soil,9.5,976,95.94392,3.59E-09
0.95% CYS in soil,9.5,981,95.93224,3.60E-09
0.95% CYS in soil,9.5,986,95.92839,3.61E-09
0.95% CYS in soil,9.5,991,95.90499,3.62E-09
1.46% CYS in soil,14.6,36,100,3.38E-09
1.46% CYS in soil,14.6,41,100.02819,3.47E-09
1.46% CYS in soil,14.6,46,100.0344,3.48E-09
1.46% CYS in soil,14.6,51,100.04001,3.49E-09
1.46% CYS in soil,14.6,56,100.04391,3.49E-09
1.46% CYS in soil,14.6,61,100.04802,3.50E-09
1.46% CYS in soil,14.6,66,100.04401,3.50E-09
1.46% CYS in soil,14.6,71,100.038,3.50E-09
1.46% CYS in soil,14.6,76,100.03603,3.50E-09
1.46% CYS in soil,14.6,81,100.03142,3.50E-09
1.46% CYS in soil,14.6,86,100.02027,3.50E-09
1.46% CYS in soil,14.6,91,100.01201,3.49E-09
1.46% CYS in soil,14.6,96,99.99804,3.49E-09
1.46% CYS in soil,14.6,101,99.97999,3.49E-09
1.46% CYS in soil,14.6,106,99.96398,3.49E-09
1.46% CYS in soil,14.6,111,99.94997,3.49E-09
1.46% CYS in soil,14.6,116,99.93396,3.49E-09
1.46% CYS in soil,14.6,121,99.91796,3.49E-09
1.46% CYS in soil,14.6,126,99.90195,3.49E-09
1.46% CYS in soil,14.6,131,99.89023,3.48E-09
1.46% CYS in soil,14.6,136,99.87393,3.48E-09
1.46% CYS in soil,14.6,141,99.85592,3.48E-09
1.46% CYS in soil,14.6,146,99.83991,3.48E-09
1.46% CYS in soil,14.6,151,99.82591,3.50E-09
1.46% CYS in soil,14.6,156,99.8139,3.53E-09
1.46% CYS in soil,14.6,161,99.80589,3.59E-09
1.46% CYS in soil,14.6,166,99.79589,3.73E-09
1.46% CYS in soil,14.6,171,99.78789,3.98E-09
1.46% CYS in soil,14.6,176,99.77788,4.43E-09
1.46% CYS in soil,14.6,181,99.76787,5.13E-09
1.46% CYS in soil,14.6,186,99.74785,6.15E-09
1.46% CYS in soil,14.6,191,99.73386,7.49E-09
1.46% CYS in soil,14.6,196,99.72185,9.08E-09
1.46% CYS in soil,14.6,201,99.70584,1.08E-08
1.46% CYS in soil,14.6,206,99.67983,1.23E-08
1.46% CYS in soil,14.6,211,99.64381,1.35E-08
1.46% CYS in soil,14.6,216,99.42198,1.41E-08
1.46% CYS in soil,14.6,221,98.98001,1.39E-08
1.46% CYS in soil,14.6,226,98.62506,1.31E-08
1.46% CYS in soil,14.6,231,98.53921,1.18E-08
1.46% CYS in soil,14.6,236,98.48497,1.03E-08
1.46% CYS in soil,14.6,241,98.45316,8.67E-09
1.46% CYS in soil,14.6,246,98.40914,7.27E-09
1.46% CYS in soil,14.6,251,98.37112,6.16E-09
1.46% CYS in soil,14.6,256,98.3331,5.35E-09
1.46% CYS in soil,14.6,261,98.2871,4.81E-09
1.46% CYS in soil,14.6,266,98.23704,4.46E-09
1.46% CYS in soil,14.6,271,98.18304,4.26E-09
1.46% CYS in soil,14.6,276,98.12893,4.14E-09
1.46% CYS in soil,14.6,281,98.06695,4.08E-09
1.46% CYS in soil,14.6,286,98.00692,4.04E-09
1.46% CYS in soil,14.6,291,97.94288,4.01E-09
1.46% CYS in soil,14.6,296,97.88085,3.99E-09
1.46% CYS in soil,14.6,301,97.81882,3.97E-09
1.46% CYS in soil,14.6,306,97.76479,3.95E-09
1.46% CYS in soil,14.6,311,97.70877,3.93E-09
1.46% CYS in soil,14.6,316,97.65473,3.91E-09
1.46% CYS in soil,14.6,321,97.5987,3.89E-09
1.46% CYS in soil,14.6,326,97.54669,3.86E-09
1.46% CYS in soil,14.6,331,97.49469,3.84E-09
1.46% CYS in soil,14.6,336,97.45062,3.81E-09
1.46% CYS in soil,14.6,341,97.39894,3.78E-09
1.46% CYS in soil,14.6,346,97.35256,3.75E-09
1.46% CYS in soil,14.6,351,97.30854,3.72E-09
1.46% CYS in soil,14.6,356,97.26241,3.69E-09
1.46% CYS in soil,14.6,361,97.21251,3.66E-09
1.46% CYS in soil,14.6,366,97.17447,3.64E-09
1.46% CYS in soil,14.6,371,97.13445,3.61E-09
1.46% CYS in soil,14.6,376,97.09242,3.58E-09
1.46% CYS in soil,14.6,381,97.05438,3.56E-09
1.46% CYS in soil,14.6,386,97.02033,3.54E-09
1.46% CYS in soil,14.6,391,96.98837,3.52E-09
1.46% CYS in soil,14.6,396,96.95435,3.51E-09
1.46% CYS in soil,14.6,401,96.92233,3.50E-09
1.46% CYS in soil,14.6,406,96.88558,3.49E-09
1.46% CYS in soil,14.6,411,96.84229,3.48E-09
1.46% CYS in soil,14.6,416,96.82028,3.48E-09
1.46% CYS in soil,14.6,421,96.78404,3.47E-09
1.46% CYS in soil,14.6,426,96.75621,3.47E-09
1.46% CYS in soil,14.6,431,96.72222,3.46E-09
1.46% CYS in soil,14.6,436,96.69621,3.46E-09
1.46% CYS in soil,14.6,441,96.6722,3.45E-09
1.46% CYS in soil,14.6,446,96.64818,3.44E-09
1.46% CYS in soil,14.6,451,96.62217,3.43E-09
1.46% CYS in soil,14.6,456,96.59415,3.43E-09
1.46% CYS in soil,14.6,461,96.57014,3.43E-09
1.46% CYS in soil,14.6,466,96.55013,3.42E-09
1.46% CYS in soil,14.6,471,96.52117,3.42E-09
1.46% CYS in soil,14.6,476,96.4941,3.42E-09
1.46% CYS in soil,14.6,481,96.47609,3.42E-09
1.46% CYS in soil,14.6,486,96.45408,3.42E-09
1.46% CYS in soil,14.6,491,96.44007,3.42E-09
1.46% CYS in soil,14.6,496,96.41806,3.42E-09
1.46% CYS in soil,14.6,501,96.40005,3.42E-09
1.46% CYS in soil,14.6,506,96.38404,3.41E-09
1.46% CYS in soil,14.6,511,96.36803,3.41E-09
1.46% CYS in soil,14.6,516,96.35202,3.41E-09
1.46% CYS in soil,14.6,521,96.34002,3.41E-09
1.46% CYS in soil,14.6,526,96.316,3.40E-09
1.46% CYS in soil,14.6,531,96.29999,3.40E-09
1.46% CYS in soil,14.6,536,96.28198,3.40E-09
1.46% CYS in soil,14.6,541,96.26998,3.40E-09
1.46% CYS in soil,14.6,546,96.25997,3.39E-09
1.46% CYS in soil,14.6,551,96.24392,3.39E-09
1.46% CYS in soil,14.6,556,96.22997,3.39E-09
1.46% CYS in soil,14.6,561,96.20995,3.38E-09
1.46% CYS in soil,14.6,566,96.18593,3.38E-09
1.46% CYS in soil,14.6,571,96.17797,3.37E-09
1.46% CYS in soil,14.6,576,96.15592,3.37E-09
1.46% CYS in soil,14.6,581,96.14991,3.36E-09
1.46% CYS in soil,14.6,586,96.1339,3.36E-09
1.46% CYS in soil,14.6,591,96.11589,3.36E-09
1.46% CYS in soil,14.6,596,96.10403,3.35E-09
1.46% CYS in soil,14.6,601,96.08388,3.35E-09
1.46% CYS in soil,14.6,606,96.07587,3.36E-09
1.46% CYS in soil,14.6,611,96.05802,3.36E-09
1.46% CYS in soil,14.6,616,96.04785,3.36E-09
1.46% CYS in soil,14.6,621,96.03185,3.36E-09
1.46% CYS in soil,14.6,626,96.01184,3.36E-09
1.46% CYS in soil,14.6,631,96.00984,3.36E-09
1.46% CYS in soil,14.6,636,95.99783,3.37E-09
1.46% CYS in soil,14.6,641,95.98382,3.37E-09
1.46% CYS in soil,14.6,646,95.97782,3.37E-09
1.46% CYS in soil,14.6,651,95.96581,3.37E-09
1.46% CYS in soil,14.6,656,95.9458,3.37E-09
1.46% CYS in soil,14.6,661,95.9358,3.37E-09
1.46% CYS in soil,14.6,666,95.9358,3.37E-09
1.46% CYS in soil,14.6,671,95.91979,3.37E-09
1.46% CYS in soil,14.6,676,95.90378,3.36E-09
1.46% CYS in soil,14.6,681,95.88977,3.36E-09
1.46% CYS in soil,14.6,686,95.87375,3.36E-09
1.46% CYS in soil,14.6,691,95.86376,3.36E-09
1.46% CYS in soil,14.6,696,95.84975,3.36E-09
1.46% CYS in soil,14.6,701,95.83774,3.36E-09
1.46% CYS in soil,14.6,706,95.82774,3.36E-09
1.46% CYS in soil,14.6,711,95.80773,3.36E-09
1.46% CYS in soil,14.6,716,95.80457,3.36E-09
1.46% CYS in soil,14.6,721,95.79572,3.36E-09
1.46% CYS in soil,14.6,726,95.77172,3.36E-09
1.46% CYS in soil,14.6,731,95.7637,3.36E-09
1.46% CYS in soil,14.6,736,95.7497,3.36E-09
1.46% CYS in soil,14.6,741,95.73769,3.36E-09
1.46% CYS in soil,14.6,746,95.7277,3.36E-09
1.46% CYS in soil,14.6,751,95.7273,3.36E-09
1.46% CYS in soil,14.6,756,95.69967,3.36E-09
1.46% CYS in soil,14.6,761,95.68766,3.36E-09
1.46% CYS in soil,14.6,766,95.68366,3.36E-09
1.46% CYS in soil,14.6,771,95.66965,3.36E-09
1.46% CYS in soil,14.6,776,95.65564,3.37E-09
1.46% CYS in soil,14.6,781,95.64964,3.37E-09
1.46% CYS in soil,14.6,786,95.63363,3.37E-09
1.46% CYS in soil,14.6,791,95.556,3.37E-09
1.46% CYS in soil,14.6,796,95.54159,3.37E-09
1.46% CYS in soil,14.6,801,95.53358,3.37E-09
1.46% CYS in soil,14.6,806,95.51357,3.37E-09
1.46% CYS in soil,14.6,811,95.51359,3.38E-09
1.46% CYS in soil,14.6,816,95.49956,3.38E-09
1.46% CYS in soil,14.6,821,95.47154,3.38E-09
1.46% CYS in soil,14.6,826,95.45753,3.38E-09
1.46% CYS in soil,14.6,831,95.43953,3.38E-09
1.46% CYS in soil,14.6,836,95.42352,3.38E-09
1.46% CYS in soil,14.6,841,95.41551,3.38E-09
1.46% CYS in soil,14.6,846,95.40551,3.38E-09
1.46% CYS in soil,14.6,851,95.3955,3.38E-09
1.46% CYS in soil,14.6,856,95.37749,3.39E-09
1.46% CYS in soil,14.6,861,95.36949,3.40E-09
1.46% CYS in soil,14.6,866,95.35748,3.40E-09
1.46% CYS in soil,14.6,871,95.35748,3.41E-09
1.46% CYS in soil,14.6,876,95.34948,3.42E-09
1.46% CYS in soil,14.6,881,95.33747,3.43E-09
1.46% CYS in soil,14.6,886,95.32347,3.44E-09
1.46% CYS in soil,14.6,891,95.31545,3.45E-09
1.46% CYS in soil,14.6,896,95.2935,3.45E-09
1.46% CYS in soil,14.6,901,95.28544,3.46E-09
1.46% CYS in soil,14.6,906,95.27358,3.46E-09
1.46% CYS in soil,14.6,911,95.26143,3.46E-09
1.46% CYS in soil,14.6,916,95.24943,3.46E-09
1.46% CYS in soil,14.6,921,95.24108,3.46E-09
1.46% CYS in soil,14.6,926,95.22341,3.47E-09
1.46% CYS in soil,14.6,931,95.21341,3.47E-09
1.46% CYS in soil,14.6,936,95.2014,3.47E-09
1.46% CYS in soil,14.6,941,95.19339,3.48E-09
1.46% CYS in soil,14.6,946,95.18539,3.49E-09
1.46% CYS in soil,14.6,951,95.15932,3.50E-09
1.46% CYS in soil,14.6,956,95.14337,3.51E-09
1.46% CYS in soil,14.6,961,95.12536,3.52E-09
1.46% CYS in soil,14.6,966,95.11535,3.53E-09
1.46% CYS in soil,14.6,971,95.09129,3.55E-09
1.46% CYS in soil,14.6,976,95.08334,3.56E-09
1.46% CYS in soil,14.6,981,95.07733,3.57E-09
1.46% CYS in soil,14.6,986,95.05132,3.58E-09
1.46% CYS in soil,14.6,991,95.03531,3.58E-09
1.78% CYS in soil,17.8,36,100,3.38E-09
1.78% CYS in soil,17.8,41,100.03433,3.48E-09
1.78% CYS in soil,17.8,46,100.04519,3.49E-09
1.78% CYS in soil,17.8,51,100.04516,3.50E-09
1.78% CYS in soil,17.8,56,100.05071,3.50E-09
1.78% CYS in soil,17.8,61,100.06396,3.50E-09
1.78% CYS in soil,17.8,66,100.05125,3.51E-09
1.78% CYS in soil,17.8,71,100.05652,3.51E-09
1.78% CYS in soil,17.8,76,100.05061,3.50E-09
1.78% CYS in soil,17.8,81,100.04522,3.50E-09
1.78% CYS in soil,17.8,86,100.0358,3.50E-09
1.78% CYS in soil,17.8,91,100.02449,3.50E-09
1.78% CYS in soil,17.8,96,100.01131,3.50E-09
1.78% CYS in soil,17.8,101,99.99246,3.49E-09
1.78% CYS in soil,17.8,106,99.97174,3.49E-09
1.78% CYS in soil,17.8,111,99.95667,3.48E-09
1.78% CYS in soil,17.8,116,99.93782,3.48E-09
1.78% CYS in soil,17.8,121,99.92275,3.48E-09
1.78% CYS in soil,17.8,126,99.91145,3.47E-09
1.78% CYS in soil,17.8,131,99.90014,3.47E-09
1.78% CYS in soil,17.8,136,99.8813,3.47E-09
1.78% CYS in soil,17.8,141,99.87,3.47E-09
1.78% CYS in soil,17.8,146,99.85681,3.48E-09
1.78% CYS in soil,17.8,151,99.84739,3.50E-09
1.78% CYS in soil,17.8,156,99.8342,3.55E-09
1.78% CYS in soil,17.8,161,99.82478,3.65E-09
1.78% CYS in soil,17.8,166,99.81536,3.86E-09
1.78% CYS in soil,17.8,171,99.80782,4.24E-09
1.78% CYS in soil,17.8,176,99.79652,4.90E-09
1.78% CYS in soil,17.8,181,99.78297,5.94E-09
1.78% CYS in soil,17.8,186,99.76826,7.41E-09
1.78% CYS in soil,17.8,191,99.74941,9.36E-09
1.78% CYS in soil,17.8,196,99.73811,1.17E-08
1.78% CYS in soil,17.8,201,99.71738,1.42E-08
1.78% CYS in soil,17.8,206,99.68724,1.64E-08
1.78% CYS in soil,17.8,211,99.63816,1.81E-08
1.78% CYS in soil,17.8,216,99.34082,1.89E-08
1.78% CYS in soil,17.8,221,98.76898,1.87E-08
1.78% CYS in soil,17.8,226,98.39096,1.75E-08
1.78% CYS in soil,17.8,231,98.30996,1.56E-08
1.78% CYS in soil,17.8,236,98.26099,1.33E-08
1.78% CYS in soil,17.8,241,98.22173,1.10E-08
1.78% CYS in soil,17.8,246,98.17995,8.90E-09
1.78% CYS in soil,17.8,251,98.13661,7.25E-09
1.78% CYS in soil,17.8,256,98.09329,6.06E-09
1.78% CYS in soil,17.8,261,98.04053,5.27E-09
1.78% CYS in soil,17.8,266,97.99343,4.77E-09
1.78% CYS in soil,17.8,271,97.93314,4.48E-09
1.78% CYS in soil,17.8,276,97.87491,4.32E-09
1.78% CYS in soil,17.8,281,97.80894,4.22E-09
1.78% CYS in soil,17.8,286,97.7485,4.17E-09
1.78% CYS in soil,17.8,291,97.68067,4.13E-09
1.78% CYS in soil,17.8,296,97.61661,4.10E-09
1.78% CYS in soil,17.8,301,97.55254,4.07E-09
1.78% CYS in soil,17.8,306,97.49035,4.05E-09
1.78% CYS in soil,17.8,311,97.42801,4.03E-09
1.78% CYS in soil,17.8,316,97.36982,4.00E-09
1.78% CYS in soil,17.8,321,97.30569,3.98E-09
1.78% CYS in soil,17.8,326,97.25298,3.96E-09
1.78% CYS in soil,17.8,331,97.19645,3.93E-09
1.78% CYS in soil,17.8,336,97.14747,3.91E-09
1.78% CYS in soil,17.8,341,97.09471,3.89E-09
1.78% CYS in soil,17.8,346,97.04384,3.86E-09
1.78% CYS in soil,17.8,351,96.9892,3.83E-09
1.78% CYS in soil,17.8,356,96.9421,3.80E-09
1.78% CYS in soil,17.8,361,96.88924,3.77E-09
1.78% CYS in soil,17.8,366,96.84601,3.74E-09
1.78% CYS in soil,17.8,371,96.80267,3.71E-09
1.78% CYS in soil,17.8,376,96.75557,3.67E-09
1.78% CYS in soil,17.8,381,96.71977,3.64E-09
1.78% CYS in soil,17.8,386,96.67597,3.61E-09
1.78% CYS in soil,17.8,391,96.64246,3.59E-09
1.78% CYS in soil,17.8,396,96.60296,3.56E-09
1.78% CYS in soil,17.8,401,96.56716,3.54E-09
1.78% CYS in soil,17.8,406,96.52947,3.53E-09
1.78% CYS in soil,17.8,411,96.48981,3.51E-09
1.78% CYS in soil,17.8,416,96.45788,3.50E-09
1.78% CYS in soil,17.8,421,96.42219,3.50E-09
1.78% CYS in soil,17.8,426,96.39194,3.49E-09
1.78% CYS in soil,17.8,431,96.36477,3.48E-09
1.78% CYS in soil,17.8,436,96.326,3.48E-09
1.78% CYS in soil,17.8,441,96.29962,3.47E-09
1.78% CYS in soil,17.8,446,96.27513,3.46E-09
1.78% CYS in soil,17.8,451,96.23934,3.45E-09
1.78% CYS in soil,17.8,456,96.21483,3.45E-09
1.78% CYS in soil,17.8,461,96.19222,3.44E-09
1.78% CYS in soil,17.8,466,96.16208,3.43E-09
1.78% CYS in soil,17.8,471,96.14135,3.43E-09
1.78% CYS in soil,17.8,476,96.12063,3.42E-09
1.78% CYS in soil,17.8,481,96.09613,3.42E-09
1.78% CYS in soil,17.8,486,96.0777,3.42E-09
1.78% CYS in soil,17.8,491,96.05468,3.42E-09
1.78% CYS in soil,17.8,496,96.03207,3.42E-09
1.78% CYS in soil,17.8,501,96.01512,3.42E-09
1.78% CYS in soil,17.8,506,95.99439,3.42E-09
1.78% CYS in soil,17.8,511,95.97745,3.42E-09
1.78% CYS in soil,17.8,516,95.95689,3.43E-09
1.78% CYS in soil,17.8,521,95.93787,3.43E-09
1.78% CYS in soil,17.8,526,95.91903,3.43E-09
1.78% CYS in soil,17.8,531,95.90772,3.43E-09
1.78% CYS in soil,17.8,536,95.89265,3.42E-09
1.78% CYS in soil,17.8,541,95.87758,3.42E-09
1.78% CYS in soil,17.8,546,95.85501,3.42E-09
1.78% CYS in soil,17.8,551,95.8418,3.42E-09
1.78% CYS in soil,17.8,556,95.8267,3.41E-09
1.78% CYS in soil,17.8,561,95.80787,3.41E-09
1.78% CYS in soil,17.8,566,95.79468,3.41E-09
1.78% CYS in soil,17.8,571,95.78149,3.41E-09
1.78% CYS in soil,17.8,576,95.76265,3.40E-09
1.78% CYS in soil,17.8,581,95.75322,3.40E-09
1.78% CYS in soil,17.8,586,95.73813,3.40E-09
1.78% CYS in soil,17.8,591,95.71931,3.40E-09
1.78% CYS in soil,17.8,596,95.70989,3.40E-09
1.78% CYS in soil,17.8,601,95.69482,3.40E-09
1.78% CYS in soil,17.8,606,95.67221,3.39E-09
1.78% CYS in soil,17.8,611,95.66656,3.39E-09
1.78% CYS in soil,17.8,616,95.64395,3.39E-09
1.78% CYS in soil,17.8,621,95.63264,3.38E-09
1.78% CYS in soil,17.8,626,95.6232,3.38E-09
1.78% CYS in soil,17.8,631,95.61004,3.38E-09
1.78% CYS in soil,17.8,636,95.59873,3.38E-09
1.78% CYS in soil,17.8,641,95.58743,3.37E-09
1.78% CYS in soil,17.8,646,95.5667,3.37E-09
1.78% CYS in soil,17.8,651,95.5554,3.37E-09
1.78% CYS in soil,17.8,656,95.54221,3.37E-09
1.78% CYS in soil,17.8,661,95.5309,3.37E-09
1.78% CYS in soil,17.8,666,95.52713,3.37E-09
1.78% CYS in soil,17.8,671,95.51771,3.37E-09
1.78% CYS in soil,17.8,676,95.50076,3.37E-09
1.78% CYS in soil,17.8,681,95.48758,3.37E-09
1.78% CYS in soil,17.8,686,95.47438,3.37E-09
1.78% CYS in soil,17.8,691,95.45936,3.37E-09
1.78% CYS in soil,17.8,696,95.44829,3.37E-09
1.78% CYS in soil,17.8,701,95.4348,3.37E-09
1.78% CYS in soil,17.8,706,95.42351,3.37E-09
1.78% CYS in soil,17.8,711,95.41221,3.36E-09
1.78% CYS in soil,17.8,716,95.41029,3.36E-09
1.78% CYS in soil,17.8,721,95.38771,3.36E-09
1.78% CYS in soil,17.8,726,95.3651,3.36E-09
1.78% CYS in soil,17.8,731,95.35757,3.36E-09
1.78% CYS in soil,17.8,736,95.3538,3.36E-09
1.78% CYS in soil,17.8,741,95.33684,3.35E-09
1.78% CYS in soil,17.8,746,95.32365,3.35E-09
1.78% CYS in soil,17.8,751,95.31047,3.35E-09
1.78% CYS in soil,17.8,756,95.30291,3.35E-09
1.78% CYS in soil,17.8,761,95.28032,3.35E-09
1.78% CYS in soil,17.8,766,95.28031,3.34E-09
1.78% CYS in soil,17.8,771,95.26148,3.34E-09
1.78% CYS in soil,17.8,776,95.25582,3.34E-09
1.78% CYS in soil,17.8,781,95.24831,3.34E-09
1.78% CYS in soil,17.8,786,95.23515,3.34E-09
1.78% CYS in soil,17.8,791,95.22379,3.34E-09
1.78% CYS in soil,17.8,796,95.21626,3.34E-09
1.78% CYS in soil,17.8,801,95.20118,3.35E-09
1.78% CYS in soil,17.8,806,95.18611,3.35E-09
1.78% CYS in soil,17.8,811,95.17481,3.35E-09
1.78% CYS in soil,17.8,816,95.1674,3.35E-09
1.78% CYS in soil,17.8,821,95.1522,3.35E-09
1.78% CYS in soil,17.8,826,95.14447,3.35E-09
1.78% CYS in soil,17.8,831,95.12582,3.35E-09
1.78% CYS in soil,17.8,836,95.11452,3.36E-09
1.78% CYS in soil,17.8,841,95.09944,3.36E-09
1.78% CYS in soil,17.8,846,95.0806,3.37E-09
1.78% CYS in soil,17.8,851,95.07495,3.37E-09
1.78% CYS in soil,17.8,856,95.06176,3.37E-09
1.78% CYS in soil,17.8,861,95.04857,3.37E-09
1.78% CYS in soil,17.8,866,95.04104,3.37E-09
1.78% CYS in soil,17.8,871,95.03538,3.38E-09
1.78% CYS in soil,17.8,876,95.02408,3.38E-09
1.78% CYS in soil,17.8,881,95.01843,3.39E-09
1.78% CYS in soil,17.8,886,94.99975,3.39E-09
1.78% CYS in soil,17.8,891,94.97698,3.40E-09
1.78% CYS in soil,17.8,896,94.96174,3.41E-09
1.78% CYS in soil,17.8,901,94.94495,3.42E-09
1.78% CYS in soil,17.8,906,94.93741,3.43E-09
1.78% CYS in soil,17.8,911,94.93176,3.44E-09
1.78% CYS in soil,17.8,916,94.91857,3.45E-09
1.78% CYS in soil,17.8,921,94.90801,3.46E-09
1.78% CYS in soil,17.8,926,94.89972,3.47E-09
1.78% CYS in soil,17.8,931,94.87706,3.48E-09
1.78% CYS in soil,17.8,936,94.85639,3.49E-09
1.78% CYS in soil,17.8,941,94.85639,3.49E-09
1.78% CYS in soil,17.8,946,94.83755,3.50E-09
1.78% CYS in soil,17.8,951,94.82045,3.51E-09
1.78% CYS in soil,17.8,956,94.79799,3.51E-09
1.78% CYS in soil,17.8,961,94.78291,3.52E-09
1.78% CYS in soil,17.8,966,94.76972,3.53E-09
1.78% CYS in soil,17.8,971,94.75842,3.53E-09
1.78% CYS in soil,17.8,976,94.74146,3.54E-09
1.78% CYS in soil,17.8,981,94.72451,3.55E-09
1.78% CYS in soil,17.8,986,94.70755,3.57E-09
1.78% CYS in soil,17.8,991,94.68494,3.58E-09
