Time,Intensity
0.041933,660983
0.06355,644152
0.085417,653728
0.107033,651445
0.12865,605126
0.150267,629742
0.172133,619593
0.194017,575676
0.215633,586287
0.23725,581051
0.259117,576826
0.280733,569045
0.30235,553009
0.324217,564562
0.345833,581115
0.367717,570565
0.389333,539093
0.41095,553802
0.432817,537641
0.454433,556917
0.47605,519879
0.497917,509826
0.519533,513183
0.541417,534309
0.563033,542618
0.584633,515987
0.606517,523845
0.628133,550094
0.64975,530813
0.671617,495147
0.693233,543085
0.715117,505334
0.736717,545514
0.758333,487108
0.780217,528424
0.801833,505213
0.82345,547505
0.845317,519347
0.866933,491938
0.8888,505968
0.910417,507262
0.932033,555693
0.953917,495828
0.975533,529575
0.9974,502511
1.019017,534807
1.040883,513149
1.0625,501172
1.084117,517204
1.105733,517513
1.127617,497921
1.149217,526277
1.1711,479531
1.192717,497141
1.214583,499922
1.2362,508503
1.257817,482968
1.279433,490063
1.3013,508962
1.322917,479823
1.3448,505136
1.366417,476125
1.388283,497891
1.4099,479903
1.431517,510335
1.453133,500557
1.475,509255
1.496617,534338
1.5185,488476
1.540117,498162
1.561983,535784
1.5836,576139
1.605217,541043
1.626833,572022
1.6487,12800570
1.670317,809702990
1.6922,1179889753
1.7138,101587792
1.735683,301925661
1.7573,1009609294
1.778917,85288805
1.800533,17463439
1.8224,14472080
1.844283,8234708
1.865883,67989678
1.8875,648411134
1.909383,56126502
1.931,33785180
1.952617,22771365
1.974483,12661281
1.9961,46159078
2.017967,19137608
2.039583,72220046
2.0612,16030656
2.083083,14440397
2.1047,43406433
2.1263,6182263
2.148183,3966925
2.1698,3039535
2.191667,35989851
2.213283,38141510
2.2349,137600794
2.256783,1362144493
2.278383,46554538
2.3,36760176
2.321883,12641680
2.3435,19954722
2.365367,7332612
2.386983,28641257
2.4086,11108083
2.430467,3252512
2.452083,2996540
2.4737,10318742
2.495583,9493959
2.5172,1968880
2.539067,4519552
2.560683,19169626
2.5823,20877486
2.604167,16636994
2.625783,11980009
2.647667,22688165
2.669283,10200370
2.69115,6702399
2.712767,11536399
2.734383,84197086
2.756,23518821
2.777867,18374132
2.799483,31748013
2.821367,4444036
2.842967,7402346
2.86485,37574844
2.886467,41253162
2.908083,4145227
2.9297,7503410
2.951567,731902691
2.973183,51334625
2.99505,9171675
3.016933,26799787
3.0388,41450814
3.060417,8495352
3.082033,11563510
3.10365,11687343
3.125533,4380643
3.147133,2005333
3.169017,2761967
3.190633,7526741
3.2125,2157530
3.234117,2216520
3.255733,8083249
3.27735,8760663
3.299217,7564717
3.320833,15535012
3.342717,5028857
3.364333,2785670
3.3862,2944889
3.407817,1530374
3.429433,2806926
3.4513,1623818
3.472917,1794142
3.4948,12425382
3.516417,19942198
3.538033,9649081
3.5599,3318929
3.581517,4095224
3.603133,4361464
3.625,2380487
3.646617,1788035
3.6685,3719713
3.690117,8976080
3.711717,3497235
3.7336,1621779
3.755217,1294390
3.776833,5994660
3.7987,8320084
3.820317,3684025
3.8422,25463318
3.8638,28505440
3.885417,13952240
3.9073,4288486
3.928917,3367781
3.950533,7162789
3.9724,10499899
3.994017,2517331
4.015883,4641206
4.0375,48919766
4.059117,22902097
4.081,3407914
4.102617,3678957
4.124217,4203732
4.1461,36727934
4.167717,299961534
4.189583,12243430
4.2112,3033894
4.232817,3154483
4.2547,4792099
4.2763,23343212
4.298183,18921172
4.3198,3869537
4.341667,2682057
4.363283,4162981
4.3849,5958862
4.406517,5678833
4.428383,5274992
4.45,2572964
4.471883,1834856
4.4935,2693820
4.515367,2273556
4.536983,1820767
4.5586,2128993
4.580217,2843325
4.602083,2663952
4.6237,1866806
4.645583,1804734
4.6672,7012149
4.689067,12356251
4.710683,7905028
4.7323,2536160
4.753917,2470187
4.775783,2138421
4.7974,2377041
4.819283,2947482
4.840883,2797448
4.862767,2674401
4.884383,2051921
4.906,2305372
4.927617,1409390
4.949483,1500087
4.9711,2065659
4.992967,2249294
5.014583,2966628
5.036467,1838430
5.058083,1462123
5.0797,2247994
5.1013,4435061
5.123183,4143779
5.14505,3605253
5.166667,2599413
5.188283,2413336
5.210167,2049550
5.231783,1774661
5.253383,3843221
5.275267,7607350
5.296883,3076957
5.31875,1886106
5.340367,3153017
5.361983,1662990
5.383867,1856715
5.405467,2832954
5.427083,4892584
5.448967,3542555
5.470583,1745167
5.49245,1733113
5.514067,2833687
5.535683,8423111
5.55755,8301196
5.579167,2775201
5.600783,60133202
5.622667,40522446
5.644283,4784901
5.66615,4243786
5.687767,2457584
5.709383,1787819
5.73125,11174790
5.752867,292863635
5.774483,39591260
5.796367,12711074
5.817967,4407742
5.83985,3400247
5.861467,4669131
5.883083,15715423
5.90495,11522384
5.926567,3275493
5.948183,3108611
5.97005,2456601
5.991667,5431382
6.01355,2148294
6.035167,1957208
6.056783,2419741
6.07865,8121446
6.100267,10302005
6.122133,3931843
6.14375,3165142
6.165633,1915505
6.18725,1872785
6.208867,1612113
6.230467,1479505
6.25235,2953090
6.273967,3664997
6.295833,5179596
6.31745,2337026
6.339333,5057117
6.36095,2603322
6.38255,1488664
6.404167,1429820
6.42605,1935153
6.447917,1771279
6.469533,2299483
6.49115,2012509
6.513033,2241699
6.534633,2518580
6.55625,1761206
6.577867,1573053
6.59975,1722752
6.621617,1474732
6.643233,1908814
6.66485,2751311
6.686717,5067795
6.708333,2212205
6.72995,2029383
6.751833,2134719
6.77345,2294886
6.795317,2042121
6.816933,2968974
6.83855,4307114
6.860417,1984325
6.882033,1924783
6.903917,1847150
6.925533,2048352
6.9474,2786261
6.969017,1721012
6.990633,2302277
7.01225,1730980
7.034383,1628289
7.056,1263003
7.077617,1490636
7.099217,1411104
7.1211,1274998
7.142717,1328296
7.164583,2024943
7.1862,4542654
7.208083,6135729
7.2297,2157224
7.2513,1908208
7.272917,19953361
7.2948,98068773
7.316417,9079458
7.338283,2844918
7.3599,2182391
7.381783,2404031
7.403383,16509226
7.425,428959635
7.446617,102611178
7.4685,8082591
7.490117,5381174
7.511983,6650564
7.5336,4324924
7.555467,16993425
7.577083,10582807
7.5987,2600304
7.620317,2475352
7.6422,5219802
7.6638,3303930
7.685683,2049060
7.7073,4475504
7.729167,3815774
7.750783,1796018
7.7724,2210226
7.794017,2420105
7.815883,1996415
7.8375,4963269
7.859383,3471739
7.881,1717098
7.902867,1592104
7.924483,1642305
7.9461,2414884
7.967967,2270793
7.989583,4960215
8.011467,2647232
8.033083,2971930
8.0547,3203440
8.076567,1823769
8.098183,1750160
8.1198,2789993
8.141667,2103417
8.163283,2449215
8.185167,2506223
8.209117,2260600
8.230733,1725286
8.252617,1789684
8.274217,2045561
8.295833,2845313
8.317717,3370287
8.339333,6109986
8.3612,2903556
8.382817,2274058
8.404433,3662205
8.4263,2199769
8.447917,2016861
8.469533,3674304
8.491417,2898315
8.513033,2952449
8.5349,2623899
8.556517,2810762
8.578133,2604182
8.6,2248307
8.621617,2691244
8.6435,2327223
8.665117,2474878
8.686983,2333509
8.7086,2216468
8.730217,2590508
8.751833,2201027
8.77605,2195270
8.797917,3029486
8.821617,5329872
8.845317,2604887
8.8672,2089487
8.890883,10335197
8.9125,116286273
8.934117,17792681
8.956,4256069
8.977617,3144597
8.999483,2542581
9.023967,42710177
9.047667,430118348
9.071367,8753709
9.092967,2949631
9.116933,5761328
9.1388,3887122
9.1625,27473866
9.184117,12666099
9.208083,2804662
9.22995,3435162
9.251567,6660870
9.273183,2606757
9.2948,2448424
9.316667,3570315
9.33855,2280017
9.360167,2317510
9.381783,3478541
9.40365,3298642
9.42865,2680076
9.450267,2999078
9.471883,2354413
9.49375,2094829
9.515367,2302184
9.53985,2374570
9.561467,2408886
9.583333,3117448
9.6073,2557651
9.628917,3081885
9.652867,3628326
9.67475,2658056
9.696367,2539509
9.717967,2139612
9.739583,2279091
9.761467,3033350
9.783083,2443309
9.80495,2689670
9.826567,2585183
9.84845,2223749
9.87005,2327133
9.891667,2645250
9.913283,3238313
9.935167,2148466
9.956783,2418345
9.97865,2900480
10.000267,3352619
10.022133,4773129
10.04375,3070212
10.0685,3328501
10.0922,3508618
10.115883,3893732
10.137767,2896088
10.159383,2913012
10.181,4222093
10.205217,3050194
10.227083,2186114
10.250783,2835680
10.2724,2051536
10.296367,1835308
10.318233,2125317
10.33985,2484077
10.361467,2727900
10.383333,4666323
10.40495,2361302
10.426833,13513940
10.44845,146129442
10.470317,16645229
10.491933,2791943
10.51355,3429726
10.535167,3924603
10.557033,96399585
10.580733,127357670
10.60235,3908056
10.623967,4294001
10.648183,3788000
10.671883,13148298
10.6935,23541804
10.715117,3052445
10.736983,2580354
10.7586,4796461
10.780467,3474242
10.802083,2173197
10.823967,2211996
10.8487,2401210
10.870317,4092056
10.891933,3919584
10.9138,2274665
10.935417,2366582
10.9573,2345675
10.978917,2549974
11.000783,2731251
11.0224,2592289
11.044017,2410322
11.069283,2851343
11.09115,2285325
11.11485,2482642
11.136467,2426313
11.158083,2859299
11.17995,3739618
11.201567,3681874
11.22345,2794817
11.24505,2794322
11.266933,2565379
11.291667,2711849
11.313283,3412412
11.33725,2666011
11.359117,2457297
11.380733,2432997
11.4047,2789682
11.428383,3070891
11.450267,2508246
11.471883,2689809
11.4935,3135256
11.517717,2903186
11.541417,2586842
11.563283,3158268
11.586983,4480652
11.610683,3057875
11.63255,2762037
11.65625,2487580
11.677867,2379976
11.701833,2555503
11.725533,2221852
11.75105,1751783
11.772667,1925465
11.794283,2289735
11.81615,2062554
11.837767,2381043
11.859633,5467301
11.88125,53939893
11.903133,121445052
11.92475,5955488
11.946367,2937470
11.967967,3152647
11.98985,51842521
12.011467,218708855
12.033333,6286159
12.05495,3883142
12.076833,3884007
12.09845,9911243
12.12005,18883338
12.141933,2207546
12.16355,2735022
12.185417,3766339
12.207033,3500944
12.22865,1702414
12.250533,1767577
12.272133,1901048
12.29375,1802397
12.315633,2455581
12.33725,4854143
12.359117,3093928
12.380733,2317393
12.40235,2941612
12.424217,1759020
12.445833,2007502
12.46745,2061417
12.489333,1909127
12.51095,1779637
12.532817,1543404
12.554433,1804150
12.57605,1948500
12.597917,1915272
12.619533,2137459
12.64115,4008969
12.663033,3193665
12.684633,1961339
12.706517,1963620
12.728133,1958477
12.74975,2320382
12.771617,2178613
12.793233,1889398
12.81485,2069349
12.836717,2382444
12.858333,1870002
12.880217,2385460
12.901833,2024698
12.92345,2029279
12.945317,2156147
12.966933,2038159
12.9888,2127514
13.010417,1970694
13.0323,1732392
13.053917,1809416
13.075533,1565319
13.097133,1530345
13.119017,1482346
13.140633,1939253
13.1625,2503739
13.184117,2959081
13.206,2264089
13.227617,4525159
13.249217,97191461
13.270833,77676196
13.292717,4493173
13.314333,2421138
13.3362,16387951
13.357817,242580213
13.3797,31039783
13.4013,3056429
13.422917,4527405
13.444533,11871984
13.466417,15540394
13.488033,2246706
13.5099,2999453
13.533867,2654648
13.555733,3808197
13.57735,1818395
13.598967,1631605
13.620583,1727542
13.64245,2312732
13.664067,1994319
13.68595,1822508
13.70755,2796551
13.7297,3394985
13.7513,1967338
13.772917,2157703
13.794533,2710024
13.816417,2717378
13.838033,2402170
13.8599,1961168
13.881517,2077178
13.903383,1933078
13.925,2111669
13.946617,2200631
13.968233,2815272
13.993233,2183904
14.015117,3566411
14.036717,2679909
14.060683,2195685
14.08255,1951609
14.104167,2450703
14.125783,2746907
14.1474,1940647
14.169283,2594659
14.190883,2471985
14.212767,2327007
14.234383,1949456
14.25625,2735510
14.277867,2670988
14.299483,1943513
14.323183,1957033
14.34505,2381142
14.36875,2444390
14.39245,1995192
14.41615,2217439
14.438033,2549738
14.459633,3354166
14.4836,3085703
14.505217,2988799
14.527083,31914700
14.55105,150045460
14.572667,9784889
14.594283,3624600
14.61615,18947813
14.637767,204960017
14.659633,21716461
14.68125,4495722
14.703133,4636010
14.72475,21312307
14.746367,5899947
14.768233,2782302
14.78985,3200775
14.811717,2632234
14.833333,3935381
14.85495,2199721
14.879167,2140019
14.90105,2100536
14.922667,2675651
14.944283,1910278
14.96615,2151337
14.987767,2149771
15.01225,3409059
15.03595,5262200
15.059633,8208161
15.083333,16872714
15.107033,12441565
15.130733,8657335
15.154433,7037052
15.178133,8439291
15.201833,7184555
15.225533,6442029
15.249217,5533557
15.272917,6607049
15.296617,6226163
15.320317,3920570
15.344017,3359165
15.365883,2393033
15.3875,2522508
15.409117,3358119
15.431,3972931
15.452867,2352445
15.474483,2343597
15.4961,2727052
15.518233,2516509
15.53985,2525685
15.561467,2263034
15.583083,2355649
15.60495,2481139
15.626567,3030448
15.64845,2922079
15.67005,4110701
15.691933,4536548
15.715883,3685563
15.7375,10223804
15.759117,135272362
15.783333,35600546
15.805217,2987680
15.826833,16986932
15.84845,160542247
15.870317,19584621
15.891933,4143563
15.91355,7973530
15.935417,19964610
15.9573,3167360
15.978917,3024325
16.000533,2249540
16.022133,2755789
16.045833,3520540
16.067717,2053262
16.089333,1978124
16.113283,2904056
16.136983,2753339
16.1625,2505684
16.1862,2736912
16.207817,2584546
16.2297,2601072
16.25365,3579281
16.27735,2783505
16.30105,2451483
16.32475,2840308
16.34845,3122475
16.372133,2786749
16.395833,2492086
16.419533,2678926
16.443233,2829735
16.466933,2328181
16.490633,2517402
16.514333,3731199
16.5362,2934731
16.557817,2950460
16.579433,3245221
16.6013,3111156
16.622917,2479558
16.644533,2564145
16.666417,2622995
16.69115,2153499
16.713033,2328405
16.734633,2335294
16.75625,2708209
16.778133,2680679
16.79975,3132311
16.824217,3978343
16.845833,4498668
16.8698,3540722
16.891667,6911771
16.915367,131065335
16.936983,66980172
16.958867,3540273
16.980467,27399221
17.002083,150036512
17.023967,10666720
17.045583,4661503
17.06745,15577483
17.089067,8686196
17.110683,2751861
17.13595,2455344
17.159633,2368977
17.183333,4012948
17.20495,2706030
17.226833,2581805
17.250783,3109103
17.274483,3084289
17.298183,2761478
17.321883,2821632
17.34375,2723392
17.36745,2841782
17.389067,3027149
17.413033,3612333
17.436717,3745684
17.460417,3671465
17.484117,9757485
17.506,13586747
17.527617,8687312
17.549217,4213950
17.57345,2658196
17.597133,2785896
17.620833,3270532
17.64245,2569236
17.664067,2840942
17.688283,3893647
17.710167,3898018
17.733867,3255469
17.75755,2874037
17.78125,3483426
17.80495,2802986
17.826567,2749193
17.850533,3104030
17.874217,2980561
17.897917,3449309
17.921617,4169304
17.945317,4686952
17.969017,3819658
17.990883,6320440
18.014583,128360330
18.038283,55494657
18.060167,4210468
18.083867,83446172
18.10755,54588354
18.129167,4764358
18.15105,12896684
18.172667,10489715
18.194283,2768526
18.21615,2970866
18.240633,2291544
18.2625,2964159
18.2862,3244995
18.3099,2388740
18.3336,2824881
18.3573,2967787
18.381,2521141
18.4047,2484760
18.428383,2570380
18.452083,2485642
18.475783,2720382
18.4974,2438266
18.521367,3344442
18.54505,3765815
18.56875,2799461
18.59245,3232147
18.61615,3529957
18.63985,2919291
18.66355,2941707
18.68725,4398767
18.71095,4152833
18.734633,3565465
18.758333,4806968
18.782033,4329334
18.805733,4460127
18.829433,4876519
18.853133,4449007
18.876833,4293743
18.900533,4529057
18.924217,3622244
18.947917,4526519
18.971617,8540374
18.9935,7465266
19.015117,4711028
19.039067,7154802
19.062767,117939390
19.086467,50851343
19.110167,9673316
19.133867,128458972
19.15755,13908559
19.179433,7632014
19.203133,15696289
19.226833,3967896
19.250533,6819074
19.2724,4270374
19.2961,2712389
19.3198,3963897
19.3435,2660766
19.3672,2791156
19.390883,3067852
19.414583,3153221
19.438283,3241996
19.461983,2971636
19.485683,3119577
19.509383,2950473
19.533083,3102029
19.556783,3520766
19.580467,3841745
19.604167,3912552
19.627867,4039111
19.651567,4232820
19.675267,4264324
19.698967,4934908
19.722667,4515326
19.746367,4105996
19.77005,4800445
19.79375,3940678
19.81745,4227830
19.84115,3961248
19.86485,4064534
19.88855,4242555
19.91225,3571618
19.93595,4356210
19.959633,4138362
19.983333,4799315
20.007033,5136344
20.030733,5831687
20.054433,57684235
20.078133,131885874
20.101833,10922778
20.1237,85650897
20.1474,31171667
20.169017,8002707
20.192967,14580135
20.21485,4000055
20.23855,3573874
20.26225,2787531
20.28595,3241333
20.309633,4854485
20.333333,3282768
20.357033,3523138
20.380733,3525492
20.404433,3676743
20.428133,4063995
20.451833,3770450
20.475533,3471375
20.499217,3534788
20.522917,3648291
20.546617,3477545
20.570317,3717340
20.594017,4317487
20.617717,4034110
20.641417,4387483
20.665117,5325223
20.6888,5049461
20.7125,8393775
20.734117,7953809
20.755733,5214978
20.777617,4470575
20.799217,4946393
20.8211,5242937
20.842717,5220407
20.864583,5897227
20.889333,7358525
20.913033,6789999
20.934633,7302204
20.956517,6823758
20.980467,6365151
21.004167,24105784
21.025783,141182290
21.04975,23381629
21.07345,69503765
21.097133,34393063
21.120833,11803262
21.142717,13052623
21.166417,3609351
21.190117,3495757
21.2138,3123118
21.2375,3314353
21.2612,4825164
21.2849,3279729
21.3086,3767953
21.3323,3525900
21.356,3698262
21.3797,3915679
21.403383,4170469
21.427083,4825861
21.450783,4504991
21.4724,4132424
21.496367,3946018
21.52005,4307815
21.54375,5030530
21.56745,5203052
21.59115,5194031
21.61485,5233278
21.63855,4772223
21.66225,4952266
21.683867,4399705
21.705733,4099879
21.72735,4454052
21.748967,4937483
21.770833,4783014
21.792717,4646505
21.814333,5328067
21.83595,5559324
21.85755,6087058
21.879433,6468311
21.90105,6866089
21.922917,32029932
21.944533,147913055
21.9685,25822152
21.9922,102586004
22.0138,21683692
22.035417,17468328
22.059633,7260912
22.083333,4974901
22.107033,5383674
22.130733,6757411
22.154433,7356970
22.178133,8448576
22.201833,7633862
22.22345,7815473
22.2474,11431571
22.269283,16847614
22.290883,21050776
22.3125,25823725
22.334383,24590412
22.356,21851438
22.377617,20550486
22.399483,20893328
22.4211,19124306
22.442967,21386943
22.464583,22184549
22.4862,23893063
22.508083,22709333
22.5297,25034452
22.551567,22879874
22.573183,24932917
22.59505,26662286
22.616667,32726744
22.638283,41983547
22.6599,49116553
22.681783,55141866
22.703383,34697090
22.725267,24370790
22.750533,20690407
22.7724,20938506
22.7961,25847993
22.8198,81871081
22.841417,34850115
22.865367,75143589
22.889067,18454032
22.912767,16996324
22.934383,9035632
22.958333,10740881
22.982033,8986353
23.005733,7222680
23.029433,6565695
23.0513,6209575
23.072917,5714323
23.094533,5411326
23.11615,5380620
23.138033,5902894
23.159633,6003009
23.181517,8688143
23.203133,10716220
23.225,9308766
23.246617,8942721
23.268233,8054328
23.28985,7497795
23.311717,7248917
23.333333,8062482
23.355217,8488723
23.376833,7706699
23.3987,7490021
23.420317,7080955
23.441933,7264424
23.46355,7185065
23.485417,7886502
23.507033,7518157
23.528917,8183973
23.550533,8153562
23.5724,8115659
23.594017,8888605
23.615633,9484889
23.6375,15682560
23.659117,109634776
23.681,69726425
23.702617,82360185
23.724217,31756815
23.7461,19237286
23.767717,7166072
23.791417,5352623
23.813033,5068530
23.8349,5129506
23.856517,5789508
23.878133,7495907
23.9,6747742
23.921617,6952072
23.9435,7057416
23.965117,7599929
23.986717,7517292
24.0086,7804936
24.030217,8560804
24.051833,8729280
24.0737,8642468
24.095317,8544719
24.1172,8469688
24.1388,8940292
24.160417,9274531
24.1823,9412506
24.203917,9548446
24.225533,9209273
24.2474,9845793
24.269017,9713360
24.290883,13719727
24.3125,12788194
24.334117,9587620
24.356,9247096
24.377617,9962261
24.399217,10102328
24.4211,10573827
24.442717,12369450
24.464583,70590417
24.4862,117002983
24.507817,79511963
24.5297,43960769
24.5513,20223848
24.573183,8686124
24.5948,7037490
24.616667,6953285
24.638283,7068662
24.6599,7094411
24.681517,9308166
24.703383,9847602
24.725,9560650
24.746883,10239808
24.7685,10786479
24.790367,13372104
24.811983,14469393
24.8336,13410663
24.855217,11868313
24.877083,10459145
24.8987,9828585
24.920583,10455371
24.9422,10440658
24.964067,11033998
24.985683,10652319
25.0073,11277772
25.028917,11413061
25.050783,12818759
25.0724,13983009
25.094283,11994929
25.115883,11631839
25.137767,11934332
25.159383,11851861
25.181,12672643
25.202617,12882918
25.224483,14389860
25.2461,80160691
25.267967,110093651
25.289583,90819960
25.311467,39356716
25.333083,21921422
25.3547,10294142
25.3763,8019013
25.398183,8515476
25.42005,10428408
25.441667,13475384
25.463283,17422278
25.485167,22312664
25.506783,23810451
25.528383,25487998
25.550267,36026968
25.571883,46900066
25.59375,56137768
25.615367,70858477
25.636983,60588872
25.658867,58640760
25.680467,50754581
25.702083,47496629
25.723967,37946678
25.745583,23143246
25.76745,16816679
25.789067,16112200
25.810683,11942237
25.83255,9896611
25.854167,9676647
25.875783,10350920
25.897667,11142498
25.919283,12728300
25.94115,13544909
25.962767,13707872
25.984383,20247043
26.00625,99578287
26.027867,79412158
26.049483,81761477
26.071367,23874650
26.092967,11674362
26.11485,9259065
26.136467,9371229
26.158083,9701788
26.17995,10077460
26.201567,11671098
26.223183,12948529
26.24505,14640499
26.266667,14931366
26.28855,16921076
26.310167,20476201
26.331783,17884065
26.35365,16252001
26.375267,15923063
26.396883,16456975
26.41875,16852180
26.440633,16515257
26.46225,16549989
26.483867,16112759
26.505467,16691332
26.52735,16318875
26.548967,18002529
26.570833,18254632
26.59245,18455925
26.614333,17556213
26.63595,17207391
26.65755,17884489
26.679167,19993175
26.70105,22564637
26.722667,73075056
26.744533,217092773
26.76615,193790766
26.788033,77207279
26.809633,22360532
26.83125,13768202
26.852867,12958804
26.87475,13548424
26.896367,14673861
26.918233,15217495
26.93985,19158558
26.961717,20804838
26.983333,22677093
27.00495,21104667
27.026567,20862036
27.04845,21146507
27.070317,19353455
27.091933,19418671
27.11355,19824723
27.135417,19882700
27.157033,18442757
27.17865,19478157
27.200533,23492034
27.222133,27588214
27.244017,25097944
27.265633,31527885
27.28725,36408870
27.309117,47494526
27.330733,65306339
27.35235,86442777
27.374217,106572697
27.395833,99003887
27.417717,65233367
27.439333,207025402
27.46095,453574336
27.482817,482193725
27.504433,81864183
27.5263,14135826
27.547917,12203803
27.5698,13650527
27.591417,15421648
27.613033,17359292
27.634633,22553811
27.656517,22607452
27.678133,20588063
27.7,20350410
27.721617,19914866
27.7435,20565858
27.765117,20095211
27.786717,20472010
27.808333,21826014
27.830217,21984512
27.851833,21679234
27.8737,23065110
27.895317,24455783
27.9172,25027822
27.9388,24731146
27.960417,24777607
27.982033,24416068
28.003917,24695370
28.025533,26117328
28.0474,26589546
28.069017,26275313
28.090883,27374143
28.1125,32218660
28.134117,32438342
28.155733,56358749
28.177617,218151257
28.199217,448453059
28.2211,531404064
28.242717,335184227
28.264583,32077220
28.2862,17171149
28.307817,17426095
28.329433,18483342
28.3513,19114558
28.373183,20952524
28.3948,22992760
28.416417,24549652
28.438283,23246396
28.4599,22391830
28.481517,23473726
28.503133,24775494
28.525,23024493
28.546883,21999605
28.5685,22159031
28.590117,22041090
28.611983,22362737
28.6336,22225974
28.655217,22737992
28.677083,23671683
28.6987,24589742
28.720583,25075458
28.7422,23929614
28.7638,23704286
28.785683,24666470
28.8073,27727019
28.828917,31323911
28.850783,37368205
28.8724,41964952
28.894283,49261670
28.915883,54404524
28.9375,57417523
28.959383,57142666
28.981,55488692
29.002617,65018914
29.024483,137099291
29.0461,285420224
29.067967,373257155
29.089583,310900977
29.1112,56565373
29.133083,19959629
29.1547,18947136
29.176567,19984527
29.198183,20652570
29.22005,21618544
29.241667,22937635
29.263283,22514136
29.2849,23399477
29.306783,25086672
29.328383,24465715
29.350267,22827618
29.371883,22923488
29.39375,24186732
29.415367,24971431
29.436983,24025169
29.4586,23521763
29.480467,23620130
29.502083,24077804
29.523967,23528626
29.545583,23794403
29.56745,24192843
29.589067,25147065
29.610683,25868978
29.6323,26251108
29.654167,26695727
29.675783,26133447
29.697667,25776065
29.719283,26053885
29.74115,25694547
29.762767,25509549
29.784383,25947189
29.806,26134073
29.827867,26995595
29.849483,26835062
29.871367,26726432
29.892967,26425782
29.91485,26290045
29.936467,27112344
29.958083,29166306
29.97995,42858558
30.001567,81149630
30.02345,134551412
30.04505,217645261
30.066667,269061757
30.08855,215105105
30.110167,48241316
30.131783,20343733
30.15365,17596017
30.175267,17645686
30.197133,18673283
30.21875,20085203
30.240367,21583643
30.26225,22596260
30.283867,22912207
30.305467,22776343
30.32735,23747054
30.348967,24462655
30.370833,23852646
30.39245,22946836
30.414067,23227637
30.43595,24442814
30.45755,26899649
30.479167,27525856
30.50105,26624637
30.522667,26269075
30.544533,26296150
30.56615,25179057
30.587767,24315663
30.609633,23851040
30.63125,24509199
30.653133,25392089
30.67475,27593847
30.696617,29372392
30.718233,31625174
30.73985,35463822
30.761467,39147318
30.783333,45819701
30.80495,45969497
30.826833,48658498
30.84845,45471716
30.870317,38440035
30.891933,30396187
30.91355,26305730
30.935167,24379624
30.957033,23054643
30.97865,22395508
31.000533,22439964
31.022133,22473593
31.044017,22930112
31.065633,23187010
31.08725,23617324
31.108867,24695099
31.130733,25619354
31.15235,32015203
31.174217,51999262
31.195833,87220459
31.217717,136583052
31.239333,183595611
31.26095,245400020
31.28255,161208157
31.304433,45755205
31.32605,19205803
31.347917,15346292
31.369533,15539297
31.391417,16409811
31.413033,17423018
31.434633,19146322
31.456517,19525635
31.478133,20414301
31.5,20569775
31.521617,20724331
31.543233,20930555
31.565117,21657610
31.586717,23267066
31.608333,24019711
31.630217,23787254
31.651833,23512527
31.6737,23060576
31.695317,23484861
31.716933,23409120
31.7388,23919135
31.760417,24425365
31.782033,24495676
31.803917,24020548
31.825533,24219674
31.8474,24378430
31.869017,24114190
31.890633,23676962
31.9125,24190519
31.934117,24056972
31.955733,23910858
31.977617,22983329
31.999217,23344242
32.0211,23933918
32.042717,25882840
32.064333,27032264
32.0862,26805267
32.107817,25780552
32.129433,25378091
32.1513,24713811
32.173183,24763087
32.1948,25259430
32.216417,24696455
32.238033,24707931
32.2599,24161171
32.281517,24005008
32.303383,24267551
32.325,24639201
32.346883,24160266
32.3685,24448158
32.390117,24512752
32.411717,24900669
32.4336,25060574
32.455467,25198718
32.477083,25030359
32.4987,25048011
32.520583,25380587
32.5422,25922600
32.5638,29744306
32.585417,40959196
32.6073,61912207
32.629167,85314918
32.650783,102659011
32.6724,130515498
32.694283,157190134
32.715883,137950901
32.7375,62249356
32.759383,25712728
32.781,16513755
32.802867,15171897
32.824483,15817708
32.8461,16665374
32.867967,17995614
32.889583,19368802
32.9112,20396154
32.933083,21266129
32.9547,22638678
32.976567,23983669
32.998183,26336420
33.0198,29231959
33.041667,30880754
33.063283,32042862
33.085167,32151720
33.106783,30225947
33.12865,28231202
33.150267,25226942
33.171883,22800781
33.1935,21058812
33.215367,19979939
33.236983,19644328
33.258867,19771276
33.280467,19968482
33.30235,20475333
33.323967,20758152
33.345583,21173429
33.3672,21475230
33.389067,21532941
33.410683,21504836
33.43255,22149583
33.454167,21799397
33.47605,21931940
33.497667,21687062
33.519283,22264297
33.540883,21903747
33.562767,21958291
33.584383,22076072
33.60625,22446903
33.627867,22997796
33.64975,23178130
33.671367,22708207
33.692967,22829556
33.714583,22888445
33.736467,22126561
33.758083,22187474
33.77995,22319678
33.801567,22123935
33.82345,22449824
33.84505,22470546
33.866667,22754599
33.88855,22579430
33.910167,22762103
33.932033,22886699
33.95365,23088286
33.975267,23178916
33.997133,23125363
34.01875,23126135
34.040367,23308984
34.06225,23471235
34.083867,23933041
34.105733,24510177
34.12735,25404693
34.148967,25439138
34.170833,25112383
34.19245,24211649
34.214067,24206039
34.23595,23941497
34.25755,24390137
34.279433,26712556
34.30105,31864765
34.322667,41798408
34.344533,56280173
34.36615,74538781
34.387767,87344907
34.409633,94522574
34.43125,95249956
34.453133,85898200
34.47475,56158377
34.496367,31048884
34.518233,20347229
34.53985,16678785
34.561717,16120674
34.583333,16266907
34.605217,17288873
34.626833,17623317
34.64845,17958403
34.67005,18306060
34.691933,18247162
34.71355,18431493
34.735417,18424095
34.757033,18679504
34.778917,18591181
34.800533,18654482
34.822133,18811540
34.84375,19293957
34.865633,19491515
34.88725,19903051
34.909117,20332687
34.930733,20583734
34.952617,21308668
34.974217,21033049
34.995833,20613311
35.01745,20486613
35.039333,20531590
35.0612,20227508
35.082817,20329861
35.104433,20540640
35.1263,20311124
35.147917,20218730
35.169533,20766314
35.191417,20195005
35.213033,20740993
35.2349,20902607
35.256517,20856626
35.278133,20773710
35.3,20671167
35.321617,20554920
35.343233,20387728
35.365117,20763639
35.386983,20347425
35.4086,20877944
35.430217,20604076
35.451833,21521229
35.4737,21491008
35.495317,22197337
35.516933,22865870
35.5388,23878512
35.560683,24556699
35.5823,24406654
35.603917,24527638
35.625533,24767213
35.6474,24779511
35.669017,24799858
35.690883,26083405
35.7125,27051036
35.734383,28941066
35.756,28495435
35.777617,29075354
35.799217,28229917
35.8211,26904512
35.842717,24665840
35.864583,23273178
35.8862,22155457
35.908083,21009628
35.9297,20418345
35.9513,20433332
35.972917,20215260
35.9948,20101831
36.016417,20168764
36.038283,20325587
36.0599,20382138
36.081783,20064223
36.103383,20209733
36.125,19885462
36.146617,20084869
36.1685,20408325
36.190367,20339831
36.211983,20004797
36.2336,20462341
36.255467,20165594
36.277083,20609213
36.2987,20797881
36.320317,21036481
36.3422,21142397
36.364067,22444033
36.385683,24480924
36.4073,27905386
36.429167,33982662
36.450783,43207868
36.4724,53166466
36.494017,59566648
36.515883,68605065
36.537767,70605304
36.559383,72791581
36.581,65972344
36.602867,45543645
36.624483,33117405
36.6461,23012129
36.667967,18609471
36.689583,16590499
36.711467,16303291
36.733083,16890836
36.7547,17219644
36.776567,17992738
36.798183,17745903
36.8198,17868494
36.841667,17728432
36.863283,17476410
36.885167,17645026
36.906783,17280949
36.928383,17598295
36.950267,17993026
36.971883,17567946
36.99375,17882255
37.015367,17813911
37.03725,17957525
37.058867,17795323
37.080467,18183790
37.102083,18042296
37.123967,18714429
37.145583,18933678
37.16745,18840427
37.189067,19289044
37.21095,19534446
37.23255,19353332
37.254167,19263999
37.275783,19331089
37.297667,19111925
37.319283,18810470
37.34115,18744619
37.362767,18699796
37.384633,18828655
37.40625,18832442
37.427867,18704091
37.449483,18924253
37.471367,19187308
37.492967,19144144
37.51485,19240352
