"wavenumber","intensity"
3999.43349933624,0.00157373593569298
3997.56983041763,0.00151559911131671
3995.70616149902,0.00155754520453576
3993.84249258041,0.00184815157918971
3991.9788236618,0.00196052794651489
3990.11515474319,0.00184802869225972
3988.25148582458,0.00143202502683857
3986.38781690597,0.00122297832417061
3984.52414798736,0.0014361719851224
3982.66047906875,0.00142633900847106
3980.79681015014,0.00112735594500069
3978.93314123153,0.001273788507408
3977.06947231292,0.00163619514557964
3975.20580339431,0.00147217876274802
3973.34213447571,0.000992795348969773
3971.4784655571,0.00139755615045987
3969.61479663849,0.00220657689063844
3967.75112771988,0.00220609865213165
3965.88745880127,0.00185363102247429
3964.02378988266,0.00151560520246582
3962.16012096405,0.00129065937841813
3960.29645204544,0.00163111035442973
3958.43278312683,0.0018524809210254
3956.56911420822,0.00168700392126074
3954.70544528961,0.00179057691987532
3952.841776371,0.00160853369140635
3950.97810745239,0.00170335559152079
3949.11443853378,0.00204699037314211
3947.25076961517,0.00180298649367138
3945.38710069656,0.00138918357839522
3943.52343177795,0.00139719494996047
3941.65976285934,0.00161971094888972
3939.79609394073,0.00175699311633626
3937.93242502212,0.00165996903108572
3936.06875610351,0.00146051913076078
3934.2050871849,0.00163845561150171
3932.34141826629,0.00174274261118802
3930.47774934768,0.00182556574835424
3928.61408042907,0.00177913586719749
3926.75041151046,0.00133999772717476
3924.88674259186,0.0012114507772036
3923.02307367325,0.00129821898471405
3921.15940475464,0.00154699660004073
3919.29573583603,0.00200992929942388
3917.43206691742,0.00205350299797739
3915.56839799881,0.00198119075783439
3913.7047290802,0.0016668266850765
3911.84106016159,0.00123620895980063
3909.97739124298,0.00151057784274365
3908.11372232437,0.00198635896969239
3906.25005340576,0.00218568102665378
3904.38638448715,0.00189927432914293
3902.52271556854,0.00149461448038473
3900.65904664993,0.00132198906076368
3898.79537773132,0.000762326039502881
3896.93170881271,0.00102882931012435
3895.0680398941,0.00197381408065176
3893.20437097549,0.0019578440209177
3891.34070205688,0.00153194637412564
3889.47703313827,0.00196229617712252
3887.61336421966,0.002436355854281
3885.74969530105,0.00199742238606127
3883.88602638244,0.00201331614604933
3882.02235746383,0.00207768015337963
3880.15868854522,0.0013645602349499
3878.29501962661,0.000793870063063324
3876.43135070801,0.000713020514913859
3874.5676817894,0.00144773000599382
3872.70401287079,0.00246080840451065
3870.84034395218,0.00239324267535702
3868.97667503357,0.00186099641514118
3867.11300611496,0.00205430162345458
3865.24933719635,0.00213221510651997
3863.38566827774,0.00188064153308161
3861.52199935913,0.00134753121742996
3859.65833044052,0.000762617229452316
3857.79466152191,0.00129849939945516
3855.9309926033,0.00242289902076107
3854.06732368469,0.00231825743024864
3852.20365476608,0.00202006481933849
3850.33998584747,0.00175018283944808
3848.47631692886,0.00133080792923419
3846.61264801025,0.00126550412885453
3844.74897909164,0.00120083957539398
3842.88531017303,0.00156152476595086
3841.02164125442,0.00209250277746753
3839.15797233581,0.00208906976534027
3837.2943034172,0.00120464195822115
3835.43063449859,0.000838473782079188
3833.56696557998,0.00115282119572176
3831.70329666137,0.000753445941124288
3829.83962774276,0.000718307049861278
3827.97595882415,0.00115044377789892
3826.11228990555,0.00163908849809333
3824.24862098694,0.00223879632083271
3822.38495206833,0.00208441938737882
3820.52128314972,0.00160434448548827
3818.65761423111,0.00150645851598584
3816.7939453125,0.00148379300660553
3814.93027639389,0.00145344820461441
3813.06660747528,0.00151820139493246
3811.20293855667,0.00172312720185092
3809.33926963806,0.00157841018638081
3807.47560071945,0.00101377638882094
3805.61193180084,0.00145279275948735
3803.74826288223,0.00199237131492258
3801.88459396362,0.0011722253363277
3800.02092504501,0.000904001520780109
3798.1572561264,0.00143036552316136
3796.29358720779,0.00171280980236389
3794.42991828918,0.00163319908782465
3792.56624937057,0.00123772583149629
3790.70258045196,0.00125345321396055
3788.83891153335,0.00124921985346756
3786.97524261474,0.0014263915697647
3785.11157369613,0.00188456335137832
3783.24790477752,0.0017559867783339
3781.38423585891,0.00158346532539425
3779.5205669403,0.00168298745819515
3777.6568980217,0.00166198382190059
3775.79322910309,0.00149163379952335
3773.92956018448,0.00161889873580072
3772.06589126587,0.00187600574921456
3770.20222234726,0.0015087779360318
3768.33855342865,0.00113381371334986
3766.47488451004,0.00140109611823532
3764.61121559143,0.00175454220011733
3762.74754667282,0.00179337661784617
3760.88387775421,0.00165617145542229
3759.0202088356,0.00146522294566504
3757.15653991699,0.00147662097414854
3755.29287099838,0.00194912660759655
3753.42920207977,0.00198136276684106
3751.56553316116,0.00217853608817214
3749.70186424255,0.00257476864138861
3747.83819532394,0.00277356816277705
3745.97452640533,0.00228491021685963
3744.11085748672,0.000740900945051374
3742.24718856811,0.00047875582138246
3740.3835196495,0.000956959247547316
3738.51985073089,0.00159602810924705
3736.65618181228,0.00144866018319085
3734.79251289367,0.0010916470510649
3732.92884397506,0.00113767776963408
3731.06517505645,0.00129953686829275
3729.20150613785,0.00166982583151041
3727.33783721924,0.00173586675617647
3725.47416830063,0.00185789394180731
3723.61049938202,0.00182598999861181
3721.74683046341,0.00165885073556785
3719.8831615448,0.00165417944482834
3718.01949262619,0.00191402947088689
3716.15582370758,0.00218481270858016
3714.29215478897,0.00237784380188288
3712.42848587036,0.00270271283467282
3710.56481695175,0.00283489209432826
3708.70114803314,0.00280430970234176
3706.83747911453,0.00350246505974709
3704.97381019592,0.00401169384659666
3703.11014127731,0.00438011246257058
3701.2464723587,0.00495420127085903
3699.38280344009,0.00539004548184179
3697.51913452148,0.0063684271676355
3695.65546560287,0.00679702658459187
3693.79179668426,0.00664124229896606
3691.92812776565,0.00615014222586123
3690.06445884704,0.00491328225309381
3688.20078992843,0.00451670566530269
3686.33712100982,0.00473427174894649
3684.47345209121,0.00446498519532823
3682.60978317261,0.00452754384259413
3680.746114254,0.00484316095628677
3678.88244533539,0.00515743131011253
3677.01877641678,0.00507608721598165
3675.15510749817,0.00438888015885322
3673.29143857956,0.00445549823275352
3671.42776966095,0.00542690704387728
3669.56410074234,0.005482814840399
3667.70043182373,0.00488668680990846
3665.83676290512,0.00554267670342277
3663.97309398651,0.00594795539089443
3662.1094250679,0.00576115026124303
3660.24575614929,0.0061742340057389
3658.38208723068,0.00678827143747837
3656.51841831207,0.00660558820623796
3654.65474939346,0.00734197983512559
3652.79108047485,0.007999101451016
3650.92741155624,0.0078486931059351
3649.06374263763,0.00778539891653718
3647.20007371902,0.00763236243021852
3645.33640480041,0.00749637116817094
3643.4727358818,0.00746850392880745
3641.60906696319,0.0079487369248567
3639.74539804458,0.0079926909840993
3637.88172912597,0.00798413051113625
3636.01806020736,0.0090961658381428
3634.15439128876,0.0100477466686366
3632.29072237015,0.0104542021778056
3630.42705345154,0.00986281654754033
3628.56338453293,0.00891435738087789
3626.69971561432,0.00972539511987533
3624.83604669571,0.0105555326269872
3622.9723777771,0.0110728263871328
3621.10870885849,0.0104131268701553
3619.24503993988,0.00950664719323252
3617.38137102127,0.010187269782765
3615.51770210266,0.0113591845773506
3613.65403318405,0.0108637954514853
3611.79036426544,0.00986040512132266
3609.92669534683,0.00961149576334809
3608.06302642822,0.00925844279318917
3606.19935750961,0.00893366094533041
3604.335688591,0.009306133382768
3602.47201967239,0.0103299140477172
3600.60835075378,0.0102381518947518
3598.74468183517,0.0102631604525041
3596.88101291656,0.00972972783956844
3595.01734399795,0.00851387267470878
3593.15367507934,0.00864861660236479
3591.29000616073,0.00890304933774224
3589.42633724212,0.0085617494135537
3587.56266832351,0.00898706240702064
3585.6989994049,0.00906002030080447
3583.8353304863,0.00875391310970066
3581.97166156769,0.0100004030436712
3580.10799264908,0.0105886451653656
3578.24432373047,0.00992378380401777
3576.38065481186,0.00946855050173824
3574.51698589325,0.00850336711651574
3572.65331697464,0.00793975378312016
3570.78964805603,0.00917903749485945
3568.92597913742,0.00987460143149453
3567.06231021881,0.00896251436293227
3565.1986413002,0.0081962369782175
3563.33497238159,0.00823117936935431
3561.47130346298,0.0081939571659388
3559.60763454437,0.00759254278458031
3557.74396562576,0.00763213606836702
3555.88029670715,0.00865919601469154
3554.01662778854,0.00886038545545887
3552.15295886993,0.00804938927144733
3550.28928995132,0.00751333641187178
3548.42562103271,0.0078337096481589
3546.5619521141,0.00833094703020862
3544.69828319549,0.00859622872134157
3542.83461427688,0.00809064175157147
3540.97094535827,0.00849999248442344
3539.10727643966,0.00955542500812425
3537.24360752105,0.00948426677557443
3535.37993860245,0.00832005521993767
3533.51626968384,0.00771533607170175
3531.65260076523,0.00725435682189832
3529.78893184662,0.0072452945454782
3527.92526292801,0.00712953768861514
3526.0615940094,0.00715515667702482
3524.19792509079,0.00743020517899633
3522.33425617218,0.00830369496711986
3520.47058725357,0.00954951247507331
3518.60691833496,0.00974507859091874
3516.74324941635,0.00866354771767953
3514.87958049774,0.00774488322273085
3513.01591157913,0.00764739481727452
3511.15224266052,0.00781322320414229
3509.28857374191,0.00694941176442271
3507.4249048233,0.00710504891005664
3505.56123590469,0.00783842441284871
3503.69756698608,0.00818385650831976
3501.83389806747,0.00767046052881043
3499.97022914886,0.00815154612797076
3498.10656023025,0.00856504902483714
3496.24289131164,0.00748536563950008
3494.37922239303,0.00621031677036252
3492.51555347442,0.00622619127462564
3490.65188455581,0.00715450928239011
3488.7882156372,0.00811458043386451
3486.9245467186,0.00730555246423909
3485.06087779999,0.00762796201228883
3483.19720888138,0.00774982851365317
3481.33353996277,0.00749693442996679
3479.46987104416,0.00857736596477476
3477.60620212555,0.00829950406518283
3475.74253320694,0.00734080463033674
3473.87886428833,0.00698145820172743
3472.01519536972,0.00697763984856427
3470.15152645111,0.00716511588265607
3468.2878575325,0.00757482273418708
3466.42418861389,0.00837259302504399
3464.56051969528,0.00901928592446378
3462.69685077667,0.00821253108614072
3460.83318185806,0.00806440359270248
3458.96951293945,0.00846256203261779
3457.10584402084,0.00835009347049001
3455.24217510223,0.0083604067113283
3453.37850618362,0.00836646612291348
3451.51483726501,0.00883034940809778
3449.6511683464,0.00907700881307729
3447.78749942779,0.00836369905166502
3445.92383050918,0.00756907338736445
3444.06016159057,0.00670416048517879
3442.19649267196,0.00602118236068447
3440.33282375335,0.00645678843077531
3438.46915483475,0.00761636077709982
3436.60548591614,0.00780933052718004
3434.74181699753,0.00783333335736713
3432.87814807892,0.00843326098144796
3431.01447916031,0.00864494228599022
3429.1508102417,0.00776918907253107
3427.28714132309,0.0081791338366416
3425.42347240448,0.00860670421897843
3423.55980348587,0.00869026319865049
3421.69613456726,0.00870707167964901
3419.83246564865,0.00897653086329962
3417.96879673004,0.00867447059469782
3416.10512781143,0.00816447101855029
3414.24145889282,0.00814641444519423
3412.37778997421,0.0075204846237729
3410.5141210556,0.00758247944290219
3408.65045213699,0.00768092814788547
3406.78678321838,0.00737952752556962
3404.92311429977,0.00763901344163508
3403.05944538116,0.00858943230494707
3401.19577646255,0.00926916718347873
3399.33210754394,0.00927724950488395
3397.46843862533,0.00835549617983198
3395.60476970672,0.00699490411623687
3393.74110078811,0.00674826589631135
3391.8774318695,0.00810168643065301
3390.01376295089,0.00893075152652736
3388.15009403229,0.00856124601085264
3386.28642511368,0.00934339801840692
3384.42275619507,0.00875887192221737
3382.55908727646,0.00786154046376897
3380.69541835785,0.00826690904643483
3378.83174943924,0.00807806306504121
3376.96808052063,0.0077486920323423
3375.10441160202,0.00814224756868022
3373.24074268341,0.00837376549263727
3371.3770737648,0.00835219882356032
3369.51340484619,0.00852120423806028
3367.64973592758,0.00839513712671505
3365.78606700897,0.00779687638790786
3363.92239809036,0.00774313773789988
3362.05872917175,0.00814242368763184
3360.19506025314,0.00793055100262525
3358.33139133453,0.00719166764604164
3356.46772241592,0.00712050730177246
3354.60405349731,0.00800239589321686
3352.7403845787,0.00783536434071899
3350.87671566009,0.00753717565960917
3349.01304674148,0.00794651759887119
3347.14937782287,0.00822599264595061
3345.28570890426,0.00785913559635211
3343.42203998565,0.00790339536726757
3341.55837106704,0.00787690109726927
3339.69470214844,0.00805957303606919
3337.83103322983,0.00871433329443864
3335.96736431122,0.00863307194319688
3334.10369539261,0.00757774346860056
3332.240026474,0.00769129516538551
3330.37635755539,0.00771375731831561
3328.51268863678,0.00724250756262288
3326.64901971817,0.00746383191123782
3324.78535079956,0.00735878558832621
3322.92168188095,0.00738237833448783
3321.05801296234,0.00724717011676637
3319.19434404373,0.00712727256637952
3317.33067512512,0.00747935134670169
3315.46700620651,0.00759965638717359
3313.6033372879,0.00753071771374976
3311.73966836929,0.00770254194596556
3309.87599945068,0.00800845831850626
3308.01233053207,0.00763978732413678
3306.14866161346,0.00764953074538948
3304.28499269485,0.00783777217400947
3302.42132377624,0.00785666810998077
3300.55765485763,0.00775837151745116
3298.69398593902,0.00763903188545946
3296.83031702041,0.00727032575487024
3294.9666481018,0.00775170865378579
3293.10297918319,0.00778586419830213
3291.23931026459,0.00727863130847535
3289.37564134598,0.00771262355916404
3287.51197242737,0.0082545840283219
3285.64830350876,0.00779980758906539
3283.78463459015,0.00726809523028232
3281.92096567154,0.00700836992190841
3280.05729675293,0.00718223806240134
3278.19362783432,0.00735201360612666
3276.32995891571,0.00647028568672969
3274.4662899971,0.00675665522081213
3272.60262107849,0.00760077991665483
3270.73895215988,0.00728871168688899
3268.87528324127,0.00714750853806667
3267.01161432266,0.00708494035351832
3265.14794540405,0.00692339895619382
3263.28427648544,0.00716219797375358
3261.42060756683,0.0075064057294295
3259.55693864822,0.0071136724273242
3257.69326972961,0.00627222540296819
3255.829600811,0.00655993134878112
3253.96593189239,0.00686683057113576
3252.10226297378,0.00680619254339891
3250.23859405517,0.0069703796088225
3248.37492513656,0.00685727977745436
3246.51125621795,0.00689596251953803
3244.64758729935,0.00646524577521694
3242.78391838074,0.00633631728399389
3240.92024946213,0.00626630288499222
3239.05658054352,0.00640702376649441
3237.19291162491,0.00636028905259701
3235.3292427063,0.00631901362344657
3233.46557378769,0.00682037034677459
3231.60190486908,0.00658237481564988
3229.73823595047,0.00611315238771048
3227.87456703186,0.00676365633752167
3226.01089811325,0.00733585521158249
3224.14722919464,0.00670092634876564
3222.28356027603,0.00639035132667613
3220.41989135742,0.00638755774125673
3218.55622243881,0.0060643316379725
3216.6925535202,0.00611294452290785
3214.82888460159,0.00614689220589553
3212.96521568298,0.00609256213910792
3211.10154676437,0.00578804639391595
3209.23787784576,0.00592970181159519
3207.37420892715,0.00598807533333915
3205.51054000854,0.00593626307085788
3203.64687108993,0.00563153344352881
3201.78320217132,0.00541956371785753
3199.91953325271,0.00570258611196475
3198.0558643341,0.00579696701724886
3196.1921954155,0.00552544161449238
3194.32852649689,0.0060301000158111
3192.46485757828,0.00662512604570763
3190.60118865967,0.00602247591149362
3188.73751974106,0.00545413718687475
3186.87385082245,0.00564746032367969
3185.01018190384,0.00560062703264693
3183.14651298523,0.00545200324066831
3181.28284406662,0.00579545121571852
3179.41917514801,0.00597727887887221
3177.5555062294,0.00590559952042817
3175.69183731079,0.00570044175046752
3173.82816839218,0.00524142717591754
3171.96449947357,0.00476527324689697
3170.10083055496,0.00468405955812653
3168.23716163635,0.0052002218189811
3166.37349271774,0.00529129250495838
3164.50982379913,0.00508702503055609
3162.64615488052,0.00522052917752485
3160.78248596191,0.00525216823980856
3158.9188170433,0.00492958667980959
3157.05514812469,0.00506027139725526
3155.19147920608,0.00493103224280422
3153.32781028747,0.00463441709697869
3151.46414136886,0.00475775234642687
3149.60047245025,0.00501992332790229
3147.73680353164,0.00504998845939575
3145.87313461304,0.00499150618223532
3144.00946569443,0.00505063851644683
3142.14579677582,0.00500866115759802
3140.28212785721,0.0051057536665782
3138.4184589386,0.00510945447259421
3136.55479001999,0.00474876656466735
3134.69112110138,0.00452250220058432
3132.82745218277,0.00479577603853652
3130.96378326416,0.00489557427408552
3129.10011434555,0.00478045463692815
3127.23644542694,0.00469290955517229
3125.37277650833,0.00462172918367277
3123.50910758972,0.00427181152065781
3121.64543867111,0.00407713030595173
3119.7817697525,0.0048467923086307
3117.91810083389,0.00504292364765142
3116.05443191528,0.00475321015923931
3114.19076299667,0.00473114459475222
3112.32709407806,0.00485441324801096
3110.46342515945,0.0051085021139522
3108.59975624084,0.00504345757561931
3106.73608732223,0.00443458910518813
3104.87241840362,0.00439670310829688
3103.00874948501,0.00477489762365123
3101.1450805664,0.004712923327745
3099.28141164779,0.00440757987351472
3097.41774272919,0.00428909137986261
3095.55407381058,0.00448585364011713
3093.69040489197,0.00460574104570865
3091.82673597336,0.0043099554550268
3089.96306705475,0.00383118293231079
3088.09939813614,0.00417951266887999
3086.23572921753,0.00463978333644509
3084.37206029892,0.0047663303033962
3082.50839138031,0.0047800671358271
3080.6447224617,0.00479241494208802
3078.78105354309,0.00452146068778186
3076.91738462448,0.0045091177906081
3075.05371570587,0.00463449873623459
3073.19004678726,0.00455230504844189
3071.32637786865,0.00477104726688552
3069.46270895004,0.00482625301266066
3067.59904003143,0.00477742438885963
3065.73537111282,0.0046937963558652
3063.87170219421,0.0043266393289803
3062.0080332756,0.00415728575271583
3060.14436435699,0.00426591990453229
3058.28069543838,0.00443562090627656
3056.41702651977,0.0045255132430695
3054.55335760116,0.00464946083683806
3052.68968868255,0.00488041857031617
3050.82601976394,0.0049766127468906
3048.96235084534,0.00471413685496827
3047.09868192673,0.00456598611501544
3045.23501300812,0.00474058875775867
3043.37134408951,0.00479142769624136
3041.5076751709,0.0046498980612537
3039.64400625229,0.00480260751273754
3037.78033733368,0.00518097340259
3035.91666841507,0.00540084717457249
3034.05299949646,0.00530105578359254
3032.18933057785,0.00535638254559082
3030.32566165924,0.00527174558218462
3028.46199274063,0.00530053382355796
3026.59832382202,0.00517206857381668
3024.73465490341,0.00497199515340921
3022.8709859848,0.00488023051975947
3021.00731706619,0.00496440152695752
3019.14364814758,0.00519282186442557
3017.27997922897,0.0049073298057851
3015.41631031036,0.0045966932040216
3013.55264139175,0.00484639518001773
3011.68897247314,0.00517439562672931
3009.82530355453,0.00516107133693944
3007.96163463592,0.0051166087033725
3006.09796571731,0.00525572895806031
3004.2342967987,0.00526577608135019
3002.37062788009,0.005371338463891
3000.50695896148,0.00558403072068047
2998.64329004288,0.00586015537410994
2996.77962112427,0.00647625676786202
2994.91595220566,0.00657660393881974
2993.05228328705,0.00604134660972618
2991.18861436844,0.00572168602009426
2989.32494544983,0.00583103410958177
2987.46127653122,0.00615671495846085
2985.59760761261,0.0066098596110338
2983.733938694,0.00669530684283322
2981.87026977539,0.00710342694176798
2980.00660085678,0.00777481364053575
2978.14293193817,0.00756384190064184
2976.27926301956,0.00783680638767622
2974.41559410095,0.00907309086996545
2972.55192518234,0.0100927154402275
2970.68825626373,0.0107178674023041
2968.82458734512,0.011190422104445
2966.96091842651,0.0119905854029538
2965.0972495079,0.0132465439231938
2963.23358058929,0.0145099313064121
2961.36991167068,0.0153526251625785
2959.50624275207,0.0161987592002542
2957.64257383346,0.0172220713705536
2955.77890491485,0.0178325824381145
2953.91523599624,0.0184484360381715
2952.05156707763,0.0193500246292037
2950.18789815903,0.0205956819495578
2948.32422924042,0.021835584747376
2946.46056032181,0.0231982770154451
2944.5968914032,0.0254173634278748
2942.73322248459,0.0284403442599093
2940.86955356598,0.0321896433380202
2939.00588464737,0.0369769764406947
2937.14221572876,0.0423417706046851
2935.27854681015,0.0484104000776658
2933.41487789154,0.055407045625229
2931.55120897293,0.0633482588634412
2929.68754005432,0.071828207144235
2927.82387113571,0.0808671161685246
2925.9602022171,0.0917232176389971
2924.09653329849,0.104388746692318
2922.23286437988,0.118032237023066
2920.36919546127,0.13271136064114
2918.50552654266,0.146790288504215
2916.64185762405,0.15788082270208
2914.77818870544,0.164304641577602
2912.91451978683,0.164702163606949
2911.05085086822,0.160043938968542
2909.18718194961,0.152865820262563
2907.323513031,0.144630271350564
2905.45984411239,0.136622453874606
2903.59617519378,0.129525425890821
2901.73250627518,0.122957746128946
2899.86883735657,0.116806668486437
2898.00516843796,0.111547084995505
2896.14149951935,0.106910504970788
2894.27783060074,0.102527205953552
2892.41416168213,0.0982747574588912
2890.55049276352,0.0937789726092813
2888.68682384491,0.0888112429391453
2886.8231549263,0.0836502171719621
2884.95948600769,0.07869778993101
2883.09581708908,0.074013939583427
2881.23214817047,0.0690421490813466
2879.36847925186,0.0637626183758374
2877.50481033325,0.059173103872809
2875.64114141464,0.0553839334442556
2873.77747249603,0.0520340238831865
2871.91380357742,0.0493931268749997
2870.05013465881,0.0473976105743401
2868.1864657402,0.0459327520175405
2866.32279682159,0.0453182814617766
2864.45912790298,0.0460495581956857
2862.59545898437,0.0487260310913742
2860.73179006576,0.0536372391500758
2858.86812114715,0.0609498185580351
2857.00445222854,0.0716512224054772
2855.14078330993,0.0863361758096123
2853.27711439133,0.105098557922969
2851.41344547272,0.127427101778191
2849.54977655411,0.148449156149057
2847.6861076355,0.160239599262953
2845.82243871689,0.15956323356748
2843.95876979828,0.149902461662692
2842.09510087967,0.135803440071181
2840.23143196106,0.120170124631458
2838.36776304245,0.105508388957695
2836.50409412384,0.093110474406953
2834.64042520523,0.0827023062152312
2832.77675628662,0.0738117734314051
2830.91308736801,0.0666692795432834
2829.0494184494,0.0613538686517126
2827.18574953079,0.0567514150340396
2825.32208061218,0.0522599512385118
2823.45841169357,0.0485245836115153
2821.59474277496,0.0456034673392687
2819.73107385635,0.0430255548293177
2817.86740493774,0.040789337964498
2816.00373601913,0.038714395349888
2814.14006710052,0.0365471573710058
2812.27639818191,0.0345002314116068
2810.4127292633,0.0328614240570559
2808.54906034469,0.0314213701518277
2806.68539142608,0.0302451878641029
2804.82172250747,0.029164629897614
2802.95805358887,0.0278996588070448
2801.09438467026,0.0267225344106396
2799.23071575165,0.0255486909506484
2797.36704683304,0.0246957111960708
2795.50337791443,0.0241122541579574
2793.63970899582,0.0232413411615043
2791.77604007721,0.0223374537611293
2789.9123711586,0.0214732258311983
2788.04870223999,0.0208288703502919
2786.18503332138,0.02023191615614
2784.32136440277,0.0193547235577829
2782.45769548416,0.0186404065862021
2780.59402656555,0.018164050911476
2778.73035764694,0.0177305600619988
2776.86668872833,0.0171223546759293
2775.00301980972,0.0164586739203124
2773.13935089111,0.0159387711372161
2771.2756819725,0.0155487382655963
2769.41201305389,0.0151013227416398
2767.54834413528,0.0146633898383078
2765.68467521667,0.0143584830641774
2763.82100629806,0.0139295355488061
2761.95733737945,0.0137735356034069
2760.09366846084,0.0137349194037237
2758.22999954223,0.0134220227664947
2756.36633062362,0.0130637100276635
2754.50266170502,0.0127338857791621
2752.63899278641,0.0125291549873372
2750.7753238678,0.012083540786235
2748.91165494919,0.0117491707979896
2747.04798603058,0.0118238786830105
2745.18431711197,0.0117827742238223
2743.32064819336,0.0117412581715255
2741.45697927475,0.0116784703559448
2739.59331035614,0.0114830931518469
2737.72964143753,0.0114360896122831
2735.86597251892,0.0113852901359566
2734.00230360031,0.0111502841154386
2732.1386346817,0.0109628749374502
2730.27496576309,0.0108872616990459
2728.41129684448,0.010679848568996
2726.54762792587,0.0104781717837177
2724.68395900726,0.0105085726277143
2722.82029008865,0.0103949300450913
2720.95662117004,0.00996356030540132
2719.09295225143,0.00959362376450145
2717.22928333282,0.00952664371731345
2715.36561441421,0.00952172713938355
2713.5019454956,0.00941091690604201
2711.63827657699,0.00934021423285342
2709.77460765838,0.00925096967414734
2707.91093873977,0.00925442733402932
2706.04726982117,0.00909462719205372
2704.18360090256,0.00891954141642227
2702.31993198395,0.00901851773037283
2700.45626306534,0.00883868381828599
2698.59259414673,0.00857697277606258
2696.72892522812,0.00863355048539457
2694.86525630951,0.00870446714195839
2693.0015873909,0.00866613827564868
2691.13791847229,0.00864093160433888
2689.27424955368,0.00856737503830145
2687.41058063507,0.00851296936576677
2685.54691171646,0.00865732010188086
2683.68324279785,0.00879928070494125
2681.81957387924,0.00879289918217459
2679.95590496063,0.00872688195935511
2678.09223604202,0.00860584014039541
2676.22856712341,0.00830441860013579
2674.3648982048,0.00828668793360899
2672.50122928619,0.00846798981032006
2670.63756036758,0.00829797527300997
2668.77389144897,0.00820641981569509
2666.91022253036,0.00838675683072087
2665.04655361175,0.00842444705231467
2663.18288469314,0.00850133893185313
2661.31921577453,0.00867839803221575
2659.45554685592,0.00877128602975564
2657.59187793732,0.00885402388957964
2655.72820901871,0.00897337853581855
2653.8645401001,0.00895522879461165
2652.00087118149,0.00879475089223011
2650.13720226288,0.00879245697444647
2648.27353334427,0.00897682498670267
2646.40986442566,0.00888492457203567
2644.54619550705,0.0086324024849586
2642.68252658844,0.00849633436633576
2640.81885766983,0.00855477459012595
2638.95518875122,0.00882498316583246
2637.09151983261,0.00890512698672737
2635.227850914,0.00869569356804283
2633.36418199539,0.00852225994303005
2631.50051307678,0.00845795551408823
2629.63684415817,0.00852616006337402
2627.77317523956,0.00836074917297906
2625.90950632095,0.00822114164120875
2624.04583740234,0.00814494228234676
2622.18216848373,0.00784748266189547
2620.31849956512,0.00797483392299001
2618.45483064651,0.00812351374609412
2616.5911617279,0.0076414329024181
2614.72749280929,0.00724756680294845
2612.86382389068,0.00701088474043301
2611.00015497207,0.00698193360197526
2609.13648605346,0.00689678693027598
2607.27281713486,0.00669467763122048
2605.40914821625,0.00667745295686843
2603.54547929764,0.00697288055202926
2601.68181037903,0.00714680654983092
2599.81814146042,0.00700528747856481
2597.95447254181,0.00714027725898634
2596.0908036232,0.00688192075641857
2594.22713470459,0.00634070258240945
2592.36346578598,0.00626756045049947
2590.49979686737,0.00598390608442698
2588.63612794876,0.00551962431250397
2586.77245903015,0.00541503503009721
2584.90879011154,0.00575629041149959
2583.04512119293,0.00604022148422406
2581.18145227432,0.00549863575516255
2579.31778335571,0.00531208224483908
2577.4541144371,0.00573108761060156
2575.59044551849,0.0056599342474018
2573.72677659988,0.00547613106985986
2571.86310768127,0.00510918698676584
2569.99943876266,0.00480980890922949
2568.13576984405,0.00531919913489921
2566.27210092544,0.00519346926473475
2564.40843200683,0.00495141022526616
2562.54476308822,0.00548345834639003
2560.68109416961,0.00548926047642647
2558.81742525101,0.00502908493500579
2556.9537563324,0.00489247591660378
2555.09008741379,0.00515694889377884
2553.22641849518,0.0049325870240804
2551.36274957657,0.00454337256945066
2549.49908065796,0.00469531263878048
2547.63541173935,0.00493636335382932
2545.77174282074,0.00476164796362496
2543.90807390213,0.00482171839326209
2542.04440498352,0.00469588408043018
2540.18073606491,0.0042374537848941
2538.3170671463,0.00420201877892438
2536.45339822769,0.00450544895063321
2534.58972930908,0.00487512417255379
2532.72606039047,0.00434745383346822
2530.86239147186,0.00373854123440711
2528.99872255325,0.00393057778419277
2527.13505363464,0.0038824779838771
2525.27138471603,0.00378910290076729
2523.40771579742,0.00427778273881913
2521.54404687881,0.00430756239485212
2519.6803779602,0.00411053232944355
2517.81670904159,0.00451302759540436
2515.95304012298,0.00436628475491398
2514.08937120437,0.00412605959392965
2512.22570228576,0.00454443531474571
2510.36203336716,0.00409895598384072
2508.49836444855,0.00358739656034286
2506.63469552994,0.00401257250367436
2504.77102661133,0.00436613375372426
2502.90735769272,0.0039687238894252
2501.04368877411,0.00365865097893847
2499.1800198555,0.0037959023629338
2497.31635093689,0.00417701538688841
2495.45268201828,0.00453372309450587
2493.58901309967,0.00424957666434838
2491.72534418106,0.00433608302160198
2489.86167526245,0.00460540628367645
2487.99800634384,0.00409962279531836
2486.13433742523,0.00355709975996351
2484.27066850662,0.00383067252349721
2482.40699958801,0.00437141830021731
2480.5433306694,0.00414881495671556
2478.67966175079,0.00341516392350919
2476.81599283218,0.00337636653507265
2474.95232391357,0.00355127747260267
2473.08865499496,0.00359444961737164
2471.22498607635,0.00383503829341522
2469.36131715774,0.00410600088952211
2467.49764823913,0.00412602287834956
2465.63397932052,0.00382507908929248
2463.77031040192,0.00343314054255737
2461.90664148331,0.00360763232356939
2460.0429725647,0.00380516700793976
2458.17930364609,0.00399007238205827
2456.31563472748,0.00410301048284951
2454.45196580887,0.00392570548313446
2452.58829689026,0.00399054772783786
2450.72462797165,0.00421604622909474
2448.86095905304,0.00409101959403826
2446.99729013443,0.00389607196943474
2445.13362121582,0.00381886444783695
2443.26995229721,0.00332410115406103
2441.4062833786,0.00322393060790675
2439.54261445999,0.0035630385707126
2437.67894554138,0.00359709486585944
2435.81527662277,0.00383565574157512
2433.95160770416,0.00376474254881026
2432.08793878555,0.00406475873911032
2430.22426986694,0.00438803837660986
2428.36060094833,0.00373760519778619
2426.49693202972,0.00335461621193982
2424.63326311111,0.00359595770573546
2422.7695941925,0.00341225086189872
2420.90592527389,0.00336613556362679
2419.04225635528,0.00363154681316095
2417.17858743667,0.00372623496178648
2415.31491851807,0.00346061948332478
2413.45124959946,0.00368576849976208
2411.58758068085,0.00343378621978534
2409.72391176224,0.00311271155287888
2407.86024284363,0.00358901968447137
2405.99657392502,0.00364773251376779
2404.13290500641,0.00339275741627401
2402.2692360878,0.00345692939365821
2400.40556716919,0.00343334132872577
2398.54189825058,0.00338750394524554
2396.67822933197,0.00350624689764214
2394.81456041336,0.00348741334332717
2392.95089149475,0.00335811701382205
2391.08722257614,0.00341856572299663
2389.22355365753,0.00368157935929559
2387.35988473892,0.00373070296886831
2385.49621582031,0.00353179401023756
2383.6325469017,0.00353925314633056
2381.76887798309,0.00359885168403914
2379.90520906448,0.00389249071635519
2378.04154014587,0.00392829929885549
2376.17787122726,0.00378160151667959
2374.31420230865,0.00376388348647709
2372.45053339004,0.00369612204631381
2370.58686447143,0.00369192494958801
2368.72319555282,0.00362010256813161
2366.85952663421,0.00359026866714799
2364.99585771561,0.00366534730705991
2363.132188797,0.00299023117295022
2361.26851987839,0.00280867739163735
2359.40485095978,0.00348466607245295
2357.54118204117,0.00330304962357393
2355.67751312256,0.00315819086681914
2353.81384420395,0.00341954125624312
2351.95017528534,0.00334808728204479
2350.08650636673,0.00324509377184928
2348.22283744812,0.00356788415075258
2346.35916852951,0.00385993832088182
2344.4954996109,0.00407613565250774
2342.63183069229,0.00426543396819881
2340.76816177368,0.00443480283995478
2338.90449285507,0.00447942825466481
2337.04082393646,0.00422166688269908
2335.17715501785,0.00391041421009223
2333.31348609924,0.00377519664562181
2331.44981718063,0.00392928349649058
2329.58614826202,0.00440906801122256
2327.72247934341,0.00445928175965438
2325.8588104248,0.00458360257178636
2323.99514150619,0.00507247631658972
2322.13147258758,0.00532408916004712
2320.26780366897,0.00522534650444287
2318.40413475036,0.0048327242345839
2316.54046583176,0.00471995861989115
2314.67679691315,0.00466536011916256
2312.81312799454,0.00485435807959002
2310.94945907593,0.00487015528046833
2309.08579015732,0.00411288040515905
2307.22212123871,0.00384814088084473
2305.3584523201,0.0043982728148076
2303.49478340149,0.00443434337408975
2301.63111448288,0.00422666334687596
2299.76744556427,0.00436013377027685
2297.90377664566,0.00440460245808552
2296.04010772705,0.00454253505992999
2294.17643880844,0.00435709897059801
2292.31276988983,0.00449229053126042
2290.44910097122,0.00484063479335579
2288.58543205261,0.00522335091853491
2286.721763134,0.00485507776186909
2284.85809421539,0.00446051160980212
2282.99442529678,0.00421424238749288
2281.13075637817,0.00455927150316333
2279.26708745956,0.00486614991400996
2277.40341854095,0.00444606341457221
2275.53974962234,0.00448823478436514
2273.67608070373,0.00467681865312638
2271.81241178512,0.0036379335626802
2269.94874286651,0.00322347964419747
2268.08507394791,0.00448119182453186
2266.2214050293,0.00493414312406072
2264.35773611069,0.00338590391218399
2262.49406719208,0.00249408475329521
2260.63039827347,0.00309777885194813
2258.76672935486,0.00381239152495684
2256.90306043625,0.00416561696561011
2255.03939151764,0.00312803933299129
2253.17572259903,0.00288496820100642
2251.31205368042,0.00304605272456783
2249.44838476181,0.00220647303149864
2247.5847158432,0.00291437789478592
2245.72104692459,0.0038712364424505
2243.85737800598,0.00400518446127249
2241.99370908737,0.00395833883139631
2240.13004016876,0.00404260139229514
2238.26637125015,0.00346761651163018
2236.40270233154,0.00192062072765574
2234.53903341293,0.00162848891283455
2232.67536449432,0.00139700148454363
2230.81169557571,0.00173196409179438
2228.9480266571,0.00318674298504069
2227.08435773849,0.0035290951460958
2225.22068881988,0.00389804246102257
2223.35701990127,0.00424990605131292
2221.49335098267,0.00410676558147198
2219.62968206406,0.00275657885476132
2217.76601314545,0.00200339904972244
2215.90234422684,0.002831389186278
2214.03867530823,0.00311205433870115
2212.17500638962,0.00210290515721703
2210.31133747101,0.00162393393927644
2208.4476685524,0.00246634480387549
2206.58399963379,0.00291992936175171
2204.72033071518,0.0017039407022336
2202.85666179657,0.00160577344701118
2200.99299287796,0.000658883979974635
2199.12932395935,-0.000271274775951994
2197.26565504074,0.00183280980840764
2195.40198612213,0.00388194454065656
2193.53831720352,0.0039324405126856
2191.67464828491,0.00299507239580331
2189.8109793663,0.00176970657869822
2187.94731044769,0.00239426663443944
2186.08364152908,0.0041547090376289
2184.21997261047,0.00395622852086169
2182.35630369186,0.00245357568307556
2180.49263477325,0.0018406146744043
2178.62896585464,0.00281340398069924
2176.76529693603,0.00357028924217523
2174.90162801742,0.000903581932846198
2173.03795909882,3.85189923089309e-05
2171.17429018021,0.00161564259538148
2169.3106212616,0.00188249511786687
2167.44695234299,0.00178334282662742
2165.58328342438,0.00239054240472432
2163.71961450577,0.0031671692882231
2161.85594558716,0.00422070581785122
2159.99227666855,0.00402840536899952
2158.12860774994,0.0023453802987759
2156.26493883133,-0.00247227792120996
2154.40126991272,-0.00257352905832702
2152.53760099411,-0.000146674599599831
2150.6739320755,0.000836394523203502
2148.81026315689,0.000709974875188264
2146.94659423828,-1.11465077468113e-05
2145.08292531967,0.000807549715173565
2143.21925640106,0.00184354643290405
2141.35558748245,0.000541058643870722
2139.49191856384,-0.000124418581517605
2137.62824964523,0.000355863762403931
2135.76458072662,0.000340571332768659
2133.90091180801,0.00176553923488918
2132.0372428894,0.0025189440150797
2130.17357397079,0.00156393237962727
2128.30990505218,0.000987450877194835
2126.44623613357,0.00137465573356991
2124.58256721496,0.00246345329546319
2122.71889829636,0.00319518878015941
2120.85522937775,0.00283551539763084
2118.99156045914,0.00118614060295919
2117.12789154053,0.000752277482714144
2115.26422262192,0.0015021835406254
2113.40055370331,0.00256972449979588
2111.5368847847,0.00327570112814108
2109.67321586609,0.00353397251091621
2107.80954694748,0.0030346809799156
2105.94587802887,0.00256627756129689
2104.08220911026,0.00265000198542948
2102.21854019165,0.00291592825054988
2100.35487127304,0.00222585819990079
2098.49120235443,0.00204636351918999
2096.62753343582,0.00201492789097888
2094.76386451721,0.00184972391281933
2092.9001955986,0.00195220427882451
2091.03652667999,0.00230756911979315
2089.17285776138,0.00271879669139633
2087.30918884277,0.00314890317131559
2085.44551992416,0.00320749153202199
2083.58185100555,0.00313385976298845
2081.71818208694,0.00292351552885908
2079.85451316833,0.00269103718855748
2077.99084424972,0.00400508875600612
2076.12717533111,0.0052739176947564
2074.26350641251,0.00494287664897645
2072.3998374939,0.003279203915442
2070.53616857529,0.00177995061632097
2068.67249965668,0.00171874073248849
2066.80883073807,0.0024989062046679
2064.94516181946,0.00308441740275404
2063.08149290085,0.00310296122034358
2061.21782398224,0.0037300552791437
2059.35415506363,0.00324236386531583
2057.49048614502,0.00189236037557333
2055.62681722641,0.00125096941476712
2053.7631483078,0.00241982982496708
2051.89947938919,0.00392373599235539
2050.03581047058,0.00419920533571229
2048.17214155197,0.00310502366143675
2046.30847263336,0.00241701327969686
2044.44480371475,0.00218080559568745
2042.58113479614,0.0018202525417479
2040.71746587753,0.00309073456899235
2038.85379695892,0.00305364268143705
2036.99012804031,0.00288447036462352
2035.1264591217,0.00316804081359157
2033.26279020309,0.00276537200328524
2031.39912128448,0.00162103417896998
2029.53545236587,0.00182168926477669
2027.67178344726,0.00321133326268768
2025.80811452865,0.00425617462201301
2023.94444561005,0.00262384007279051
2022.08077669144,0.000824961187537776
2020.21710777283,0.0024469038997202
2018.35343885422,0.00274480535317247
2016.48976993561,0.00304525957938773
2014.626101017,0.00421530835863817
2012.76243209839,0.00346773546885327
2010.89876317978,0.00349456959749291
2009.03509426117,0.00301918757911532
2007.17142534256,0.00214888887929196
2005.30775642395,0.00214489077437989
2003.44408750534,0.00313968929180134
2001.58041858673,0.00254162023849448
1999.71674966812,0.00182140764590546
1997.85308074951,0.00186068510337169
1995.9894118309,0.003133003022486
1994.12574291229,0.00464675201600887
1992.26207399368,0.0041870257904687
1990.39840507507,0.00322229190476291
1988.53473615646,0.00302519027399711
1986.67106723785,0.00176390619781922
1984.80739831924,-1.23921949620868e-05
1982.94372940063,0.00067876474220344
1981.08006048202,0.00320199814825874
1979.21639156341,0.00439978184084668
1977.3527226448,0.0037241973718656
1975.4890537262,0.00290024270446399
1973.62538480759,0.00217533317638654
1971.76171588898,0.00248892508010556
1969.89804697037,0.0036491150034309
1968.03437805176,0.00411827245007002
1966.17070913315,0.00407512643160739
1964.30704021454,0.00292961938366046
1962.44337129593,0.00200053253220531
1960.57970237732,0.00256569512872656
1958.71603345871,0.00285127913142372
1956.8523645401,0.00185226958330486
1954.98869562149,0.00172870211002268
1953.12502670288,0.00251470012184547
1951.26135778427,0.00303859364571122
1949.39768886566,0.00300563311889592
1947.53401994705,0.00326102550337919
1945.67035102844,0.00326954820191445
1943.80668210983,0.00206994548057757
1941.94301319122,0.000977905403401605
1940.07934427261,0.00168467257267323
1938.215675354,0.00270326366959172
1936.35200643539,0.00279055526465632
1934.48833751678,0.00270193463872419
1932.62466859817,0.00269246621263508
1930.76099967956,0.0031088287272763
1928.89733076095,0.0031600448288469
1927.03366184235,0.00304382420477386
1925.16999292374,0.00325397428759368
1923.30632400513,0.00357399331007238
1921.44265508652,0.00323599795217022
1919.57898616791,0.00302170594889957
1917.7153172493,0.00348585680423722
1915.85164833069,0.00370885172613986
1913.98797941208,0.00337147982801801
1912.12431049347,0.0031097982755202
1910.26064157486,0.00313929026430334
1908.39697265625,0.00355188097862138
1906.53330373764,0.00357950700359439
1904.66963481903,0.00370318095528982
1902.80596590042,0.00414856141036363
1900.94229698181,0.00403513991267334
1899.0786280632,0.00365765580424701
1897.21495914459,0.00367994859730953
1895.35129022598,0.00371079942081159
1893.48762130737,0.00385096288905983
1891.62395238876,0.00391862015585145
1889.76028347015,0.00345616840144234
1887.89661455154,0.00343009633229312
1886.03294563293,0.00367782202104024
1884.16927671432,0.00377919893172343
1882.30560779571,0.00393878541764608
1880.4419388771,0.00371747271852296
1878.5782699585,0.0035783202386103
1876.71460103989,0.00387428352683724
1874.85093212128,0.00382972611492589
1872.98726320267,0.00316197849967366
1871.12359428406,0.00317656170893819
1869.25992536545,0.00371007664472745
1867.39625644684,0.00370673230727968
1865.53258752823,0.00344716218658684
1863.66891860962,0.00334556017251509
1861.80524969101,0.00366611229292071
1859.9415807724,0.00397109767377241
1858.07791185379,0.00408265722405797
1856.21424293518,0.00411995904504273
1854.35057401657,0.00366269667103306
1852.48690509796,0.0035049324212473
1850.62323617935,0.00376552759112135
1848.75956726074,0.00355513036246913
1846.89589834213,0.0035271143830054
1845.03222942352,0.00400248338681801
1843.16856050491,0.00425273660893759
1841.3048915863,0.00410685743031987
1839.44122266769,0.00373678087229321
1837.57755374908,0.00350450005354695
1835.71388483047,0.00325540916665993
1833.85021591186,0.00306112879026623
1831.98654699325,0.00379673026865253
1830.12287807465,0.0043854902812416
1828.25920915604,0.00406023211928319
1826.39554023743,0.00372212754152676
1824.53187131882,0.00338756213719716
1822.66820240021,0.00331601153080917
1820.8045334816,0.00351718984534184
1818.94086456299,0.00369994566336623
1817.07719564438,0.00362178857582443
1815.21352672577,0.00356583536406503
1813.34985780716,0.00367405043336137
1811.48618888855,0.00408743071161217
1809.62251996994,0.004378705072862
1807.75885105133,0.00425191623487152
1805.89518213272,0.00409707907363354
1804.03151321411,0.00405388313903275
1802.1678442955,0.0041857894658204
1800.30417537689,0.00416948650496579
1798.44050645828,0.00413435118997843
1796.57683753967,0.00435122936898094
1794.71316862106,0.00459302481688987
1792.84949970245,0.00452701856580576
1790.98583078384,0.00440602641514807
1789.12216186523,0.00436812445243146
1787.25849294662,0.00398698793498847
1785.39482402801,0.00385449471328619
1783.5311551094,0.00430365725039947
1781.66748619079,0.00466472707866717
1779.80381727219,0.00451853692562869
1777.94014835358,0.00442221398325849
1776.07647943497,0.00443104604649297
1774.21281051636,0.00465474998068761
1772.34914159775,0.00490870221222176
1770.48547267914,0.00471760869793833
1768.62180376053,0.00418723252778167
1766.75813484192,0.00373626755623621
1764.89446592331,0.00404626407436913
1763.0307970047,0.00454320168351707
1761.16712808609,0.00470333137623383
1759.30345916748,0.00492279201050622
1757.43979024887,0.00482829938715836
1755.57612133026,0.00455048404103553
1753.71245241165,0.00472018324639719
1751.84878349304,0.00482835964767714
1749.98511457443,0.00484397253072693
1748.12144565582,0.00476317434417401
1746.25777673721,0.00441534955372119
1744.3941078186,0.0043697546798515
1742.53043889999,0.00483404831620878
1740.66676998138,0.00509088418955504
1738.80310106277,0.00482688398569529
1736.93943214416,0.00527180191296522
1735.07576322555,0.00605927593583155
1733.21209430694,0.00589642268706248
1731.34842538834,0.00552350460316802
1729.48475646973,0.00503944612287996
1727.62108755112,0.0048889041372327
1725.75741863251,0.00535220754197245
1723.8937497139,0.00544862550056376
1722.03008079529,0.00535747197843895
1720.16641187668,0.00596610830271274
1718.30274295807,0.00661923471801451
1716.43907403946,0.00658399607777929
1714.57540512085,0.00614974239793715
1712.71173620224,0.00570615132078192
1710.84806728363,0.00563915891811769
1708.98439836502,0.00583027869199288
1707.12072944641,0.00615600809828758
1705.2570605278,0.0063970694396566
1703.39339160919,0.00686967952684639
1701.52972269058,0.00731899498292497
1699.66605377197,0.00674881212527831
1697.80238485336,0.00682955950177651
1695.93871593475,0.00675519745780168
1694.07504701614,0.00628112457364967
1692.21137809753,0.00656578134750779
1690.34770917892,0.00678519009497726
1688.48404026031,0.00717677498690255
1686.6203713417,0.00822031512812849
1684.75670242309,0.00878127390789783
1682.89303350449,0.00807528019698949
1681.02936458588,0.00735047753000138
1679.16569566727,0.00702377688843964
1677.30202674866,0.00782690441329941
1675.43835783005,0.00843601367279001
1673.57468891144,0.00816872361749114
1671.71101999283,0.00853597060052125
1669.84735107422,0.00888703630348404
1667.98368215561,0.00873252065148121
1666.120013237,0.00885394142545669
1664.25634431839,0.00908775419211127
1662.39267539978,0.00915709764865945
1660.52900648117,0.00899343530513706
1658.66533756256,0.00881975432579243
1656.80166864395,0.00957516255885788
1654.93799972534,0.0112223906745465
1653.07433080673,0.0111419048325578
1651.21066188812,0.00967804232962407
1649.34699296951,0.00974690773482994
1647.4833240509,0.00973403432275545
1645.61965513229,0.00948856224658892
1643.75598621368,0.00956777492984754
1641.89231729507,0.00964552917743694
1640.02864837646,0.00993002693361333
1638.16497945785,0.0106823320985254
1636.30131053924,0.0114170654555836
1634.43764162064,0.0106585472366979
1632.57397270203,0.00949314309396381
1630.71030378342,0.00919185477944088
1628.84663486481,0.00945296382233711
1626.9829659462,0.00954903940814033
1625.11929702759,0.00969291663140925
1623.25562810898,0.00964357226206973
1621.39195919037,0.00908896628967831
1619.52829027176,0.00912518764185028
1617.66462135315,0.00937912501825709
1615.80095243454,0.00901183756079563
1613.93728351593,0.00842094325992736
1612.07361459732,0.00798574252654753
1610.20994567871,0.00795594713899471
1608.3462767601,0.00813965987660126
1606.48260784149,0.00838499558777702
1604.61893892288,0.00834480081637977
1602.75527000427,0.00790823092314553
1600.89160108566,0.00778794573034017
1599.02793216705,0.00784017416881818
1597.16426324844,0.00779729893778097
1595.30059432983,0.00783423460945876
1593.43692541122,0.00775423059337262
1591.57325649261,0.00749645577774586
1589.709587574,0.00747845021822439
1587.84591865539,0.00741552765850986
1585.98224973678,0.00726186076911758
1584.11858081818,0.00733484966920591
1582.25491189957,0.00745262565598779
1580.39124298096,0.00754923177248999
1578.52757406235,0.00802828002384743
1576.66390514374,0.00817940443779817
1574.80023622513,0.00731747319667161
1572.93656730652,0.00719163308400297
1571.07289838791,0.00752206877993798
1569.2092294693,0.00737542748428653
1567.34556055069,0.00722212748611463
1565.48189163208,0.0070312229547033
1563.61822271347,0.00692479331148202
1561.75455379486,0.00778370433038351
1559.89088487625,0.00888104839135868
1558.02721595764,0.00794232652357045
1556.16354703903,0.00705989812771322
1554.29987812042,0.00659705585866015
1552.43620920181,0.00676758692518068
1550.5725402832,0.00718457093897276
1548.70887136459,0.00704860906039391
1546.84520244598,0.00711503875816916
1544.98153352737,0.00743763740089195
1543.11786460876,0.00798155066532132
1541.25419569015,0.00857730194772539
1539.39052677154,0.0076442263654341
1537.52685785294,0.00670678438532967
1535.66318893433,0.00691594649977228
1533.79952001572,0.006941279542083
1531.93585109711,0.00669514043014976
1530.0721821785,0.00695400462051384
1528.20851325989,0.00720875738324258
1526.34484434128,0.00730516116056788
1524.48117542267,0.00735465670537569
1522.61750650406,0.00744929429737478
1520.75383758545,0.00723868946275014
1518.89016866684,0.00713547226342051
1517.02649974823,0.00719956441676122
1515.16283082962,0.00699455623236157
1513.29916191101,0.00691912699852406
1511.4354929924,0.00704659243210226
1509.57182407379,0.00758621101859086
1507.70815515518,0.00839767409404116
1505.84448623657,0.00771735224438459
1503.98081731796,0.00694439149838639
1502.11714839935,0.00689852689041844
1500.25347948074,0.00720696636216776
1498.38981056213,0.00778406962540159
1496.52614164352,0.00787323733092607
1494.66247272491,0.0076917422580838
1492.7988038063,0.00816164475511878
1490.93513488769,0.00868246460109818
1489.07146596909,0.00879999412682731
1487.20779705048,0.00879295052526361
1485.34412813187,0.00888924181181639
1483.48045921326,0.00926404203552242
1481.61679029465,0.0100905813172505
1479.75312137604,0.0112168370385159
1477.88945245743,0.0136710891609241
1476.02578353882,0.0221508853042801
1474.16211462021,0.0400533985089239
1472.2984457016,0.0593808611450881
1470.43477678299,0.0667206117385008
1468.57110786438,0.0689359746668241
1466.70743894577,0.0708142597756739
1464.84377002716,0.0717708181157693
1462.98010110855,0.0714033684481548
1461.11643218994,0.0675594469592332
1459.25276327133,0.0620225039234362
1457.38909435272,0.0547910800530203
1455.52542543411,0.0439698256868657
1453.6617565155,0.0376031729553014
1451.79808759689,0.0340082821641148
1449.93441867828,0.0318691695201172
1448.07074975967,0.0299141107193219
1446.20708084106,0.027375061518714
1444.34341192245,0.0257041950064164
1442.47974300384,0.0247700399335777
1440.61607408524,0.0242590609903678
1438.75240516663,0.0245369955706362
1436.88873624802,0.0239355023291363
1435.02506732941,0.0211726374646232
1433.1613984108,0.0195078006267089
1431.29772949219,0.0189024762836242
1429.43406057358,0.0177880099854884
1427.57039165497,0.016252604475705
1425.70672273636,0.0153863756505372
1423.84305381775,0.01461159481937
1421.97938489914,0.0142139300818361
1420.11571598053,0.0144198337390606
1418.25204706192,0.0134186179107753
1416.38837814331,0.0121361575306367
1414.5247092247,0.011658013299077
1412.66104030609,0.0117452504772995
1410.79737138748,0.0116706574980488
1408.93370246887,0.0114338757458603
1407.07003355026,0.011542776507933
1405.20636463165,0.011500603475826
1403.34269571304,0.0108866031031729
1401.47902679443,0.0107931546362513
1399.61535787582,0.0110076517501309
1397.75168895721,0.0107492388158514
1395.8880200386,0.0106929153442113
1394.02435111999,0.0103863880570764
1392.16068220139,0.00991874576320317
1390.29701328278,0.00993695195535985
1388.43334436417,0.0102603539538039
1386.56967544556,0.010374727840413
1384.70600652695,0.0103197186801585
1382.84233760834,0.0107190101228921
1380.97866868973,0.0118697576504524
1379.11499977112,0.0133888605755316
1377.25133085251,0.0143160363247689
1375.3876619339,0.0145856549000826
1373.52399301529,0.0142030346077987
1371.66032409668,0.0139030040917285
1369.79665517807,0.0140865392539512
1367.93298625946,0.0142417742179323
1366.06931734085,0.0141755188892083
1364.20564842224,0.0141374272522743
1362.34197950363,0.0136708147130855
1360.47831058502,0.0128899911114739
1358.61464166641,0.0124208168476711
1356.7509727478,0.012438228463766
1354.88730382919,0.0125156825455938
1353.02363491058,0.0124935709553654
1351.15996599197,0.0125981107454747
1349.29629707336,0.0126522871045416
1347.43262815475,0.0123908741078973
1345.56895923614,0.0120803359362365
1343.70529031753,0.0119141934389275
1341.84162139893,0.0118178527300384
1339.97795248032,0.0116717866527065
1338.11428356171,0.0112636195555072
1336.2506146431,0.010731387229744
1334.38694572449,0.0103618858031068
1332.52327680588,0.0102019961483727
1330.65960788727,0.0101081744930555
1328.79593896866,0.00994735823297243
1326.93227005005,0.00993040575934308
1325.06860113144,0.0100319372453316
1323.20493221283,0.0100831689809823
1321.34126329422,0.0101468421171309
1319.47759437561,0.0103914598432305
1317.613925457,0.0106194800481002
1315.75025653839,0.0106364404170871
1313.88658761978,0.0108260525661194
1312.02291870117,0.0109470026852542
1310.15924978256,0.0110549072486825
1308.29558086395,0.0113914783489439
1306.43191194534,0.011634417192273
1304.56824302673,0.0115671533613304
1302.70457410812,0.0113760431143913
1300.84090518951,0.0113380735124012
1298.9772362709,0.0114838852794247
1297.11356735229,0.0115591120032644
1295.24989843368,0.011549747788243
1293.38622951508,0.0113875689878543
1291.52256059647,0.0112130414160289
1289.65889167786,0.0111072916386119
1287.79522275925,0.0108907259043793
1285.93155384064,0.0107266454756591
1284.06788492203,0.0106451181199456
1282.20421600342,0.0105678183877111
1280.34054708481,0.0105593117061706
1278.4768781662,0.0105622354329806
1276.61320924759,0.0105019103266969
1274.74954032898,0.0104103108039103
1272.88587141037,0.010394499498011
1271.02220249176,0.0104403558034261
1269.15853357315,0.0104104354228426
1267.29486465454,0.0104641399580825
1265.43119573593,0.0105377383883799
1263.56752681732,0.0105418612459739
1261.70385789871,0.0105031614703173
1259.8401889801,0.0104717665592749
1257.97652006149,0.0103402854777483
1256.11285114288,0.0103503806873287
1254.24918222427,0.0103678012985023
1252.38551330566,0.0102793845295722
1250.52184438705,0.0103223274379865
1248.65817546844,0.0104163899221528
1246.79450654983,0.010454539401785
1244.93083763123,0.0104352138928147
1243.06716871262,0.0103881716185372
1241.20349979401,0.0104029030114792
1239.3398308754,0.0104308674729313
1237.47616195679,0.010470399769742
1235.61249303818,0.0104569169888617
1233.74882411957,0.0105078266552017
1231.88515520096,0.0106105956033507
1230.02148628235,0.01060311197632
1228.15781736374,0.0105643087455799
1226.29414844513,0.0106728861624565
1224.43047952652,0.0108034346325699
1222.56681060791,0.0108106206239288
1220.7031416893,0.0108169210740779
1218.83947277069,0.0109369898049201
1216.97580385208,0.0111512854036813
1215.11213493347,0.0114627386378497
1213.24846601486,0.0116767457012973
1211.38479709625,0.0117679940654392
1209.52112817764,0.0119549032268505
1207.65745925903,0.0122507462715741
1205.79379034042,0.012502408095388
1203.93012142181,0.0126358231458463
1202.0664525032,0.0127966101492549
1200.20278358459,0.0131427289301383
1198.33911466598,0.0134819916921216
1196.47544574738,0.0137408748856938
1194.61177682877,0.0139717165822618
1192.74810791016,0.0142872666077771
1190.88443899155,0.0145658537950985
1189.02077007294,0.0149139550031035
1187.15710115433,0.0152883553451505
1185.29343223572,0.0157072302772824
1183.42976331711,0.0160598550296591
1181.5660943985,0.0164005693460667
1179.70242547989,0.0168481671639534
1177.83875656128,0.0171625278351603
1175.97508764267,0.0174025042231697
1174.11141872406,0.0176382861728992
1172.24774980545,0.0179000408535821
1170.38408088684,0.0182277853218659
1168.52041196823,0.0186250701181752
1166.65674304962,0.0190882660473895
1164.79307413101,0.0195996350336559
1162.9294052124,0.0199088367125304
1161.06573629379,0.0200051679647832
1159.20206737518,0.0201819890718199
1157.33839845657,0.0205305886653117
1155.47472953796,0.0209939472613829
1153.61106061935,0.0215810724928768
1151.74739170074,0.0222180454585395
1149.88372278213,0.0228089688691682
1148.02005386352,0.0233330499927753
1146.15638494492,0.023949333264303
1144.29271602631,0.0246929413899319
1142.4290471077,0.0253441526923133
1140.56537818909,0.0260098875117949
1138.70170927048,0.0268682081735773
1136.83804035187,0.0277738708795857
1134.97437143326,0.0287221962571217
1133.11070251465,0.0296398254211315
1131.24703359604,0.0305346145452925
1129.38336467743,0.0316239705420402
1127.51969575882,0.0326558665760599
1125.65602684021,0.0336756842676867
1123.7923579216,0.0348923919061484
1121.92868900299,0.0362009000666367
1120.06502008438,0.0375846414942322
1118.20135116577,0.038953227026736
1116.33768224716,0.0404153851998068
1114.47401332855,0.0419181336669799
1112.61034440994,0.0431623702357561
1110.74667549133,0.0443070922052622
1108.88300657272,0.0454750047314723
1107.01933765411,0.0465243478690404
1105.1556687355,0.047565100353967
1103.29199981689,0.0484694874943039
1101.42833089828,0.04926159042963
1099.56466197967,0.0501549470447185
1097.70099306107,0.0511357454831989
1095.83732414246,0.0519976206521063
1093.97365522385,0.0529785337295478
1092.10998630524,0.0539614391737003
1090.24631738663,0.0549098406646004
1088.38264846802,0.0559000139994561
1086.51897954941,0.056765833416191
1084.6553106308,0.0577272063056201
1082.79164171219,0.0587812630178033
1080.92797279358,0.0597964956824645
1079.06430387497,0.0607764977726449
1077.20063495636,0.0618158230854745
1075.33696603775,0.0628552973860235
1073.47329711914,0.063917206685777
1071.60962820053,0.0648794423669347
1069.74595928192,0.0657771610311333
1067.88229036331,0.0668579868227317
1066.0186214447,0.0681228934258064
1064.15495252609,0.0694078031889279
1062.29128360748,0.0706270632574761
1060.42761468887,0.0719261196096142
1058.56394577026,0.0731164449621874
1056.70027685165,0.0742915523477758
1054.83660793304,0.0756795967165412
1052.97293901443,0.0770787830851768
1051.10927009582,0.0784731592008272
1049.24560117722,0.0800421320251195
1047.38193225861,0.0818395298297926
1045.51826334,0.0836480659818351
1043.65459442139,0.0854856825355714
1041.79092550278,0.0873944267935294
1039.92725658417,0.089088901933781
1038.06358766556,0.0907970355079815
1036.19991874695,0.0925428234866131
1034.33624982834,0.0941205973199464
1032.47258090973,0.0953188494754187
1030.60891199112,0.0962390180439452
1028.74524307251,0.0968697700817699
1026.8815741539,0.0971698773512821
1025.01790523529,0.0971691696186064
1023.15423631668,0.0970166734684398
1021.29056739807,0.0966693861746231
1019.42689847946,0.09640172971012
1017.56322956085,0.096303168035676
1015.69956064224,0.0961360115009994
1013.83589172363,0.0960768774542306
1011.97222280502,0.0958169031842267
1010.10855388641,0.095412805249561
1008.2448849678,0.0951080398778832
1006.38121604919,0.0945533981666567
1004.51754713058,0.093590361394824
1002.65387821197,0.0924124582305499
1000.79020929337,0.0910140946708512
998.926540374756,0.0893825211475347
997.062871456146,0.0875274936195739
995.199202537537,0.0855863163178398
993.335533618927,0.0834288526423187
991.471864700317,0.0812720509618685
989.608195781708,0.0792593877986079
987.744526863098,0.0770724496182168
985.880857944489,0.0748263007149233
984.017189025879,0.072658117993221
982.153520107269,0.0702320422196043
980.28985118866,0.0676436610022737
978.42618227005,0.0651175368573846
976.56251335144,0.0627541908240266
974.698844432831,0.0604839187132989
972.835175514221,0.0582289918676848
970.971506595612,0.055906692774108
969.107837677002,0.05368875334085
967.244168758392,0.0516273119275668
965.380499839783,0.0498267092569026
963.516830921173,0.0482734863420087
961.653162002563,0.0466705138959744
959.789493083954,0.0451561694071779
957.925824165344,0.043764400841442
956.062155246735,0.0425163895917978
954.198486328125,0.0413844982465991
952.334817409515,0.04049199349473
950.471148490906,0.039818173408059
948.607479572296,0.0390844257001202
946.743810653687,0.0386266451213216
944.880141735077,0.0382024513588043
943.016472816467,0.03777089199001
941.152803897858,0.0375890387450831
939.289134979248,0.0372883396646894
937.425466060638,0.0369276369521059
935.561797142029,0.0365891617360646
933.698128223419,0.0362513692071003
931.83445930481,0.0356653615128591
929.9707903862,0.0351231828696635
928.10712146759,0.0346562863105699
926.243452548981,0.0341885836967185
924.379783630371,0.0340236345449199
922.516114711761,0.0338689486661155
920.652445793152,0.0334711824545773
918.788776874542,0.0335697564244454
916.925107955933,0.0337518399428363
915.061439037323,0.0336670000983244
913.197770118713,0.0336086424549544
911.334101200104,0.0333353056758857
909.470432281494,0.0327175234550018
907.606763362885,0.0318517806568792
905.743094444275,0.0307594061342601
903.879425525665,0.0295282757747073
902.015756607056,0.0282938168387601
900.152087688446,0.0271907168440241
898.288418769836,0.026385674448792
896.424749851227,0.025722174023732
894.561080932617,0.0247820482205838
892.697412014008,0.0243145275854998
890.833743095398,0.0241061858768778
888.970074176788,0.0237859600578417
887.106405258179,0.0235679253234246
885.242736339569,0.0234542358182046
883.379067420959,0.0231428676648288
881.51539850235,0.0226048757130469
879.65172958374,0.0224193700287206
877.788060665131,0.0226678811648209
875.924391746521,0.0227649891217758
874.060722827911,0.0226765321920645
872.197053909302,0.0222925288840347
870.333384990692,0.0215936704292257
868.469716072083,0.0210663804538971
866.606047153473,0.0204752236737521
864.742378234863,0.0197719997906104
862.878709316254,0.0192050064921095
861.015040397644,0.0187378941649121
859.151371479034,0.0182465065686029
857.287702560425,0.0178139131938922
855.424033641815,0.0174509570458417
853.560364723206,0.0170241725016768
851.696695804596,0.0167066367590513
849.833026885986,0.0167185626941249
847.969357967377,0.0163164643249786
846.105689048767,0.0159982446842127
844.242020130157,0.0163080181178581
842.378351211548,0.0166053474426558
840.514682292938,0.0169234140003485
838.651013374329,0.0173092379354234
836.787344455719,0.0178209439205499
834.923675537109,0.0181009083514556
833.0600066185,0.0178620860220089
831.19633769989,0.0181414959335007
829.332668781281,0.0187439603228358
827.468999862671,0.018441447406357
825.605330944061,0.0182096469400101
823.741662025452,0.0184129842254379
821.877993106842,0.018370429915685
820.014324188232,0.0181807773305693
818.150655269623,0.0179136390147063
816.286986351013,0.0174331340621627
814.423317432404,0.0173925008020751
812.559648513794,0.0177257711993518
810.695979595184,0.0181959538341259
808.832310676575,0.0185526621130071
806.968641757965,0.0190082347650392
805.104972839355,0.0196831044131462
803.241303920746,0.0203923057714023
801.377635002136,0.0211523047420081
799.513966083527,0.0215944362514883
797.650297164917,0.0218536973490399
795.786628246307,0.0217831473383696
793.922959327698,0.020766879617884
792.059290409088,0.0201555170235147
790.195621490479,0.0201957934795312
788.331952571869,0.0204394152662936
786.468283653259,0.0202769479696063
784.60461473465,0.0207617997276065
782.74094581604,0.0219043424307275
780.87727689743,0.0222168404097066
779.013607978821,0.0217829013087144
777.149939060211,0.0215421676881338
775.286270141602,0.0214749419747766
773.422601222992,0.0209359329446728
771.558932304382,0.0207632880054539
769.695263385773,0.0208073621551157
767.831594467163,0.0209356135084052
765.967925548553,0.0211710794134981
764.104256629944,0.0214625800506549
762.240587711334,0.0217455284183394
760.376918792725,0.0222182682359673
758.513249874115,0.0223181273428267
756.649580955505,0.0218518575652332
754.785912036896,0.0223688381469396
752.922243118286,0.0228452304006554
751.058574199677,0.0223324291259023
749.194905281067,0.0216292954619403
747.331236362457,0.0217917957992327
745.467567443848,0.0224672145489077
743.603898525238,0.0230254243484669
741.740229606628,0.0232053171674841
739.876560688019,0.0228448389342661
738.012891769409,0.0226069381931679
736.1492228508,0.0237986088888723
734.28555393219,0.0281287916323019
732.42188501358,0.0369850374953779
730.558216094971,0.0466952204442663
728.694547176361,0.0499530124982457
726.830878257751,0.0491714647388982
724.967209339142,0.0514637859710918
723.103540420532,0.058796820004747
721.239871501923,0.0743328018854922
719.376202583313,0.0933632118625925
717.512533664703,0.100645725421769
715.648864746094,0.0921875850253862
713.785195827484,0.0749770474153806
711.921526908875,0.0587445950695497
710.057857990265,0.0487734833141169
708.194189071655,0.0424633288225447
706.330520153046,0.03834754540368
704.466851234436,0.0356435044581377
702.603182315826,0.0337421942672112
700.739513397217,0.0328392156847012
698.875844478607,0.0320702688928324
697.012175559998,0.0312052186404222
695.148506641388,0.031200287779398
693.284837722778,0.0314475484316336
691.421168804169,0.0297250006997765
689.557499885559,0.0268598278894393
687.693830966949,0.0257629480828998
685.83016204834,0.026271438570582
683.96649312973,0.0267176780966551
682.102824211121,0.0270975628374527
680.239155292511,0.0263171243161348
678.375486373901,0.0244498737186304
676.511817455292,0.0241461793792925
674.648148536682,0.0246168010308737
672.784479618073,0.0244785832161654
670.920810699463,0.0247993906236805
669.057141780853,0.0243895047588812
667.193472862244,0.0220081065195279
665.329803943634,0.0219774456821188
663.466135025024,0.0261978485243593
661.602466106415,0.0282981973724754
659.738797187805,0.02517785568223
657.875128269196,0.0225721621880171
656.011459350586,0.0227579037889798
654.147790431976,0.0254448006154528
652.284121513367,0.0261665260584422
650.420452594757,0.0228258325447436
