"Wavelength","Absorbance"
3999.43349933624,0.00236800379330048
3997.56983041763,0.00173540790075829
3995.70616149902,0.00100449132995118
3993.84249258041,0.000894239949084381
3991.9788236618,0.00179760731084101
3990.11515474319,0.0016517364209155
3988.25148582458,0.00120759979012935
3986.38781690597,0.00133483029800481
3984.52414798736,0.00117391545141069
3982.66047906875,0.00187655276267162
3980.79681015014,0.0027368679825224
3978.93314123153,0.00235325039290087
3977.06947231292,0.00203789935044249
3975.20580339431,0.00162176497022146
3973.34213447571,0.0010665879474363
3971.4784655571,0.00113470018409005
3969.61479663849,0.00143248133868275
3967.75112771988,0.00134644511497004
3965.88745880127,0.0016912793751481
3964.02378988266,0.00188058115925106
3962.16012096405,0.00175463547361887
3960.29645204544,0.00150509333482155
3958.43278312683,0.00172744715898706
3956.56911420822,0.00167559854553549
3954.70544528961,0.00138353454656409
3952.841776371,0.00165971426127504
3950.97810745239,0.00196515515174542
3949.11443853378,0.00154400030518
3947.25076961517,0.0014354502491976
3945.38710069656,0.00175078110277999
3943.52343177795,0.00244626663544629
3941.65976285934,0.00200924376851139
3939.79609394073,0.00107116184292566
3937.93242502212,0.00136486268920715
3936.06875610351,0.0024924530445453
3934.2050871849,0.00293590040471989
3932.34141826629,0.00248423751824482
3930.47774934768,0.00175564437350521
3928.61408042907,0.00189760159650483
3926.75041151046,0.00196974431441339
3924.88674259186,0.00181963080272807
3923.02307367325,0.00217155889745808
3921.15940475464,0.00280201865958211
3919.29573583603,0.00218063533966392
3917.43206691742,0.00143248557927344
3915.56839799881,0.00219473449964537
3913.7047290802,0.00232717913072476
3911.84106016159,0.00189494655834718
3909.97739124298,0.0017113469561698
3908.11372232437,0.00245419350049912
3906.25005340576,0.00351400745528083
3904.38638448715,0.00380695678013447
3902.52271556854,0.00362506641083035
3900.65904664993,0.00295030941312474
3898.79537773132,0.00245040752656193
3896.93170881271,0.00221477424858301
3895.0680398941,0.00268559206365647
3893.20437097549,0.00296286505542688
3891.34070205688,0.00234793617197902
3889.47703313827,0.00252807055031692
3887.61336421966,0.00303608300554363
3885.74969530105,0.00300782296128566
3883.88602638244,0.00296997914803822
3882.02235746383,0.00264888210549556
3880.15868854522,0.00233812881551451
3878.29501962661,0.0023080577692798
3876.43135070801,0.00287598018985318
3874.5676817894,0.00348287434210587
3872.70401287079,0.00386018509407539
3870.84034395218,0.00300045844492288
3868.97667503357,0.00333675080534665
3867.11300611496,0.00296677015729983
3865.24933719635,0.00256538208949513
3863.38566827774,0.00265594601994912
3861.52199935913,0.00232728031027912
3859.65833044052,0.00230473798952356
3857.79466152191,0.00319880520818823
3855.9309926033,0.0040775332461959
3854.06732368469,0.00389319257655436
3852.20365476608,0.00280752493203447
3850.33998584747,0.00196813268741402
3848.47631692886,0.00213268672428451
3846.61264801025,0.0025273082131091
3844.74897909164,0.00263280554084093
3842.88531017303,0.0031011255437195
3841.02164125442,0.0031861582687235
3839.15797233581,0.00318223597416094
3837.2943034172,0.00291357721565036
3835.43063449859,0.00242309705181978
3833.56696557998,0.00221943386548827
3831.70329666137,0.00240940144243806
3829.83962774276,0.00313249288502215
3827.97595882415,0.00237283196567365
3826.11228990555,0.0014746925505614
3824.24862098694,0.00245661345174807
3822.38495206833,0.00322557080016727
3820.52128314972,0.00325629010048714
3818.65761423111,0.00331863359213609
3816.7939453125,0.00285226135347945
3814.93027639389,0.00232457228369059
3813.06660747528,0.00183202026342826
3811.20293855667,0.0025832864123604
3809.33926963806,0.00317715268535239
3807.47560071945,0.00224137019446464
3805.61193180084,0.00223470986128857
3803.74826288223,0.00290794301908202
3801.88459396362,0.00264262686168945
3800.02092504501,0.00243868343105735
3798.1572561264,0.0023980557400973
3796.29358720779,0.00244336427583064
3794.42991828918,0.00207330672328357
3792.56624937057,0.00197526923406367
3790.70258045196,0.00177351877240689
3788.83891153335,0.00182967421921499
3786.97524261474,0.00202731952919921
3785.11157369613,0.0018021860494493
3783.24790477752,0.00159584275551675
3781.38423585891,0.00159078524042254
3779.5205669403,0.00198285148884148
3777.6568980217,0.00181070203134026
3775.79322910309,0.00199892066904084
3773.92956018448,0.00258252186239206
3772.06589126587,0.00195511458566596
3770.20222234726,0.00157775881788075
3768.33855342865,0.00190125189720262
3766.47488451004,0.00157621438795011
3764.61121559143,0.00142573530854738
3762.74754667282,0.00206343030780244
3760.88387775421,0.00236470138391694
3759.0202088356,0.00161342999148167
3757.15653991699,0.00177020307052538
3755.29287099838,0.00351811562186853
3753.42920207977,0.00418073741382813
3751.56553316116,0.00394736368512328
3749.70186424255,0.00340141705570541
3747.83819532394,0.00400859589070936
3745.97452640533,0.00290786397011055
3744.11085748672,0.0020056638035477
3742.24718856811,0.00168732582301117
3740.3835196495,0.00263508409699249
3738.51985073089,0.00330133387146472
3736.65618181228,0.00349073254821763
3734.79251289367,0.00331768391411254
3732.92884397506,0.0022995075630152
3731.06517505645,0.00187821037516957
3729.20150613785,0.00200498707933492
3727.33783721924,0.00204550977340361
3725.47416830063,0.00224767587243084
3723.61049938202,0.00201670347573581
3721.74683046341,0.00197790794075892
3719.8831615448,0.00198270296553608
3718.01949262619,0.00180637431541132
3716.15582370758,0.00229086428000399
3714.29215478897,0.00320501427733548
3712.42848587036,0.00330695634640022
3710.56481695175,0.00244041627557723
3708.70114803314,0.0015403588510727
3706.83747911453,0.00188845427447365
3704.97381019592,0.00212953948602119
3703.11014127731,0.00191921500652965
3701.2464723587,0.00170705154892053
3699.38280344009,0.00187340371089814
3697.51913452148,0.00192488384950898
3695.65546560287,0.00185122596215774
3693.79179668426,0.00235871752102368
3691.92812776565,0.0035635123421994
3690.06445884704,0.00375831612433091
3688.20078992843,0.00259201281295606
3686.33712100982,0.00206718520765023
3684.47345209121,0.00220522637457921
3682.60978317261,0.00186978233273678
3680.746114254,0.00199041750742815
3678.88244533539,0.00300380775282338
3677.01877641678,0.00303217844985597
3675.15510749817,0.00241693228450681
3673.29143857956,0.00217182208954437
3671.42776966095,0.0028562785469179
3669.56410074234,0.00234060038691999
3667.70043182373,0.00191606771370702
3665.83676290512,0.00211867446015561
3663.97309398651,0.00171644863645541
3662.1094250679,0.00132468446249525
3660.24575614929,0.00204625894970472
3658.38208723068,0.00278983705183812
3656.51841831207,0.00256282858726042
3654.65474939346,0.00252214762180138
3652.79108047485,0.00328058493242138
3650.92741155624,0.00419989318958938
3649.06374263763,0.00356691831570928
3647.20007371902,0.00222160683847884
3645.33640480041,0.00225624251562262
3643.4727358818,0.00272677778782613
3641.60906696319,0.00280644013714284
3639.74539804458,0.00271061446976307
3637.88172912597,0.00241591809883376
3636.01806020736,0.00210002820228341
3634.15439128876,0.00233009636640981
3632.29072237015,0.00292373380860548
3630.42705345154,0.00357266510748336
3628.56338453293,0.00393627481981717
3626.69971561432,0.00380973590787731
3624.83604669571,0.00324741179474123
3622.9723777771,0.00239775276964086
3621.10870885849,0.00265264586772789
3619.24503993988,0.00254211658226422
3617.38137102127,0.00260462991923917
3615.51770210266,0.00328300585034863
3613.65403318405,0.0036246285071328
3611.79036426544,0.00345414126018782
3609.92669534683,0.00332024550859855
3608.06302642822,0.00312956079673861
3606.19935750961,0.00300522911131342
3604.335688591,0.00278667965439417
3602.47201967239,0.00275713523210731
3600.60835075378,0.00285118195521854
3598.74468183517,0.00313171162909084
3596.88101291656,0.00322180622417728
3595.01734399795,0.00265882670718106
3593.15367507934,0.00177103511124465
3591.29000616073,0.00179136631546376
3589.42633724212,0.00212850469654599
3587.56266832351,0.0030244196170086
3585.6989994049,0.0029088282829171
3583.8353304863,0.00148873072674374
3581.97166156769,0.000676696943084482
3580.10799264908,0.000775014635542923
3578.24432373047,0.000697174609529783
3576.38065481186,0.000957760204500559
3574.51698589325,0.00134795634538998
3572.65331697464,0.00168495435893912
3570.78964805603,0.00176583793232581
3568.92597913742,0.00226577407422373
3567.06231021881,0.00285282724124588
3565.1986413002,0.00167170541744944
3563.33497238159,0.000266868389056777
3561.47130346298,0.000761243302009845
3559.60763454437,0.000826171233201622
3557.74396562576,0.000406598957215434
3555.88029670715,0.000653740466777172
3554.01662778854,0.000960677949589061
3552.15295886993,0.00192379067874296
3550.28928995132,0.00238972792478941
3548.42562103271,0.00194062859320805
3546.5619521141,0.00174797758593983
3544.69828319549,0.000897978761458062
3542.83461427688,0.000266395805530834
3540.97094535827,0.000529984020450049
3539.10727643966,0.000672987712240234
3537.24360752105,0.00107556783090011
3535.37993860245,0.0020507167275911
3533.51626968384,0.00193908988983822
3531.65260076523,0.000589212139399504
3529.78893184662,0.00018989409175289
3527.92526292801,0.000850135965139334
3526.0615940094,0.00071118347788179
3524.19792509079,0.000873775618392478
3522.33425617218,0.00133015935463763
3520.47058725357,0.000662856699548469
3518.60691833496,-0.000635086222954241
3516.74324941635,-0.000353240511764818
3514.87958049774,0.000997514579697663
3513.01591157913,0.001608325902641
3511.15224266052,0.000872542752747773
3509.28857374191,-5.77683469087034e-05
3507.4249048233,-0.000520812137558279
3505.56123590469,0.000367344804640096
3503.69756698608,0.00143394447584199
3501.83389806747,0.000676196021135085
3499.97022914886,0.000360757271358003
3498.10656023025,0.000781833935537516
3496.24289131164,0.000296789406407764
3494.37922239303,0.000278614868544822
3492.51555347442,0.000571807951814852
3490.65188455581,0.00093394116001446
3488.7882156372,0.000691273316674476
3486.9245467186,-0.00011496993042848
3485.06087779999,0.000406521910039378
3483.19720888138,0.00150002166049405
3481.33353996277,0.000721072908004498
3479.46987104416,0.000323927414589212
3477.60620212555,0.000845947191436056
3475.74253320694,0.000874669963578431
3473.87886428833,0.000763607247028621
3472.01519536972,0.00101002868932384
3470.15152645111,0.000867121879352347
3468.2878575325,0.000144813220792141
3466.42418861389,-0.000190303121385908
3464.56051969528,0.000934904936745066
3462.69685077667,0.00161281376624966
3460.83318185806,0.000820131353241765
3458.96951293945,0.000644972529232185
3457.10584402084,0.000551328685810936
3455.24217510223,2.39483121745463e-05
3453.37850618362,0.000476521495036925
3451.51483726501,0.000904069632358401
3449.6511683464,0.00106469142440989
3447.78749942779,0.000912733771589445
3445.92383050918,0.000493859389925111
3444.06016159057,0.000352296754647745
3442.19649267196,0.000177621596604922
3440.33282375335,0.000175937301378653
3438.46915483475,0.000546130633620789
3436.60548591614,0.000399413150461262
3434.74181699753,0.000482267869903241
3432.87814807892,0.000478665590947344
3431.01447916031,-0.000134523567288887
3429.1508102417,5.92168913945673e-05
3427.28714132309,0.00104471634381802
3425.42347240448,0.00102171667437278
3423.55980348587,0.000396341204313477
3421.69613456726,0.000658779118457713
3419.83246564865,0.00087329376765439
3417.96879673004,0.000263150419485521
3416.10512781143,0.000683309546877291
3414.24145889282,0.00136404156608532
3412.37778997421,0.00136218572639528
3410.5141210556,0.000980970444566089
3408.65045213699,0.000689614769931532
3406.78678321838,0.000930574070269595
3404.92311429977,0.00140401386478649
3403.05944538116,0.00112038098406424
3401.19577646255,0.00104508220524713
3399.33210754394,0.00115094720249591
3397.46843862533,0.000988719072121301
3395.60476970672,0.000808234846753046
3393.74110078811,0.000868859094067738
3391.8774318695,0.00105712987564851
3390.01376295089,0.000769452310614658
3388.15009403229,0.000982770227591651
3386.28642511368,0.00175681624155989
3384.42275619507,0.00147938881594732
3382.55908727646,0.000834277674360165
3380.69541835785,0.000491028909540014
3378.83174943924,0.00104522088206942
3376.96808052063,0.00174945438675349
3375.10441160202,0.00159499287465713
3373.24074268341,0.000898148895003085
3371.3770737648,0.000340185602755582
3369.51340484619,0.000132541661729932
3367.64973592758,0.00054906265205265
3365.78606700897,0.00135269443375116
3363.92239809036,0.00164897459738242
3362.05872917175,0.0011485951154563
3360.19506025314,0.0010822692777721
3358.33139133453,0.00130234901067637
3356.46772241592,0.00145865503462777
3354.60405349731,0.00071465599186272
3352.7403845787,-0.000253139326192033
3350.87671566009,0.000359656613555773
3349.01304674148,0.000933443822523605
3347.14937782287,0.000797808486761804
3345.28570890426,0.00108735552451948
3343.42203998565,0.000810999772264909
3341.55837106704,0.000501558500581708
3339.69470214844,0.000939868244580988
3337.83103322983,0.00132025711050837
3335.96736431122,0.000796740427347417
3334.10369539261,9.91602293622722e-05
3332.240026474,0.000377811020683984
3330.37635755539,0.000783709939551022
3328.51268863678,0.000798996287561474
3326.64901971817,0.00100540812117889
3324.78535079956,0.00110904493800211
3322.92168188095,0.000918895013061062
3321.05801296234,0.000298474616141224
3319.19434404373,0.000105720416571797
3317.33067512512,0.000449272229164135
3315.46700620651,0.000826152496799072
3313.6033372879,0.000673200662813297
3311.73966836929,0.000642146123488174
3309.87599945068,0.00110317121861858
3308.01233053207,0.000911907360905413
3306.14866161346,0.000457454341682696
3304.28499269485,0.000358148536324489
3302.42132377624,0.000592698360689162
3300.55765485763,0.00102305559331944
3298.69398593902,0.000935034056223003
3296.83031702041,0.000736099584949484
3294.9666481018,0.000479364552249029
3293.10297918319,0.000408680367531076
3291.23931026459,0.000756240956646888
3289.37564134598,0.00120222011270116
3287.51197242737,0.00121076467501663
3285.64830350876,0.00070600673082732
3283.78463459015,0.000323827921163118
3281.92096567154,0.000470043015727876
3280.05729675293,0.000991663107313167
3278.19362783432,0.00126966989931607
3276.32995891571,0.000900769296229193
3274.4662899971,0.00083614216617227
3272.60262107849,0.000944601437856758
3270.73895215988,0.000751182863516242
3268.87528324127,0.000590908073935055
3267.01161432266,0.000466193951566803
3265.14794540405,0.000504384176997798
3263.28427648544,0.000679522543035973
3261.42060756683,0.000842619049390139
3259.55693864822,0.00132018917067315
3257.69326972961,0.00117854060490361
3255.829600811,0.000938775979846826
3253.96593189239,0.000388383680222797
3252.10226297378,0.000156879248598674
3250.23859405517,0.000487652086872591
3248.37492513656,0.000710200003153977
3246.51125621795,0.000581815921144532
3244.64758729935,0.000756868959577817
3242.78391838074,0.000585838621294383
3240.92024946213,0.00049138477559514
3239.05658054352,0.000759250941989025
3237.19291162491,0.000347322869951537
3235.3292427063,-6.32966163311288e-05
3233.46557378769,0.000108952890768376
3231.60190486908,0.000371108529577842
3229.73823595047,0.000665054575146906
3227.87456703186,0.000832810075716553
3226.01089811325,0.000713044677531239
3224.14722919464,0.000455418080694465
3222.28356027603,0.000418976118660096
3220.41989135742,0.000406954878086639
3218.55622243881,0.000333133826798844
3216.6925535202,0.00073358823657261
3214.82888460159,0.00133698721340031
3212.96521568298,0.00130312933107381
3211.10154676437,0.000826460507290393
3209.23787784576,0.000196746560697784
3207.37420892715,-7.41019298335598e-05
3205.51054000854,0.000462876803618468
3203.64687108993,0.000754016757534619
3201.78320217132,0.000656944052927293
3199.91953325271,0.000914696991243868
3198.0558643341,0.000631021788046116
3196.1921954155,0.000906535365003554
3194.32852649689,0.00154811721049685
3192.46485757828,0.00088927596310886
3190.60118865967,-0.000103058119384622
3188.73751974106,7.49151003293408e-05
3186.87385082245,0.000989768347558696
3185.01018190384,0.00128212457315892
3183.14651298523,0.00123483135101891
3181.28284406662,0.00106320305058671
3179.41917514801,0.000712724377269777
3177.5555062294,0.000748042251633039
3175.69183731079,0.000877331613349143
3173.82816839218,0.0012841658490528
3171.96449947357,0.00112071155889806
3170.10083055496,0.000562665371495761
3168.23716163635,0.000264626142034473
3166.37349271774,0.00054662895260376
3164.50982379913,0.000704622670607002
3162.64615488052,0.00093524296977882
3160.78248596191,0.000842600186751373
3158.9188170433,0.000455179272646153
3157.05514812469,0.000527121101397051
3155.19147920608,0.000659206544866028
3153.32781028747,0.00112214496210141
3151.46414136886,0.00117954906107394
3149.60047245025,0.000920204422481641
3147.73680353164,0.00095967133539859
3145.87313461304,0.00116828494370894
3144.00946569443,0.00074419486911932
3142.14579677582,0.000596759140784569
3140.28212785721,0.00101112384358435
3138.4184589386,0.00151844196050321
3136.55479001999,0.00153422904331211
3134.69112110138,0.00117441773198564
3132.82745218277,0.00137173886514226
3130.96378326416,0.00147911594469618
3129.10011434555,0.00121447290202501
3127.23644542694,0.00105426658015646
3125.37277650833,0.00113534431555378
3123.50910758972,0.00127336709255409
3121.64543867111,0.00149884297316989
3119.7817697525,0.00139118435891554
3117.91810083389,0.00144206098432497
3116.05443191528,0.00167242188670399
3114.19076299667,0.00155151981223895
3112.32709407806,0.00179686247868578
3110.46342515945,0.00172027634407324
3108.59975624084,0.00163475360875019
3106.73608732223,0.00227840922086589
3104.87241840362,0.00219695642178986
3103.00874948501,0.00204710072027253
3101.1450805664,0.00240876681011064
3099.28141164779,0.0026015601994327
3097.41774272919,0.00248364585464242
3095.55407381058,0.00258402500794769
3093.69040489197,0.00313734500543169
3091.82673597336,0.00322896116883397
3089.96306705475,0.00327987969531336
3088.09939813614,0.00351458593866407
3086.23572921753,0.00343854650683731
3084.37206029892,0.00325554559724172
3082.50839138031,0.0035285687754498
3080.6447224617,0.00352822339142962
3078.78105354309,0.0033779316775556
3076.91738462448,0.0035949964553082
3075.05371570587,0.00387684352614785
3073.19004678726,0.00403386278621004
3071.32637786865,0.0041395776681322
3069.46270895004,0.00412980441471146
3067.59904003143,0.0037210069969647
3065.73537111282,0.00382189795377903
3063.87170219421,0.00416889962858281
3062.0080332756,0.00405332441328591
3060.14436435699,0.00414574944351169
3058.28069543838,0.00475191763302206
3056.41702651977,0.00451720992233841
3054.55335760116,0.00435933394690027
3052.68968868255,0.00473956963750157
3050.82601976394,0.00489341710318206
3048.96235084534,0.00500244024409938
3047.09868192673,0.00490544701041696
3045.23501300812,0.0048472500606717
3043.37134408951,0.00507927322300998
3041.5076751709,0.00527649475824048
3039.64400625229,0.00597899266449709
3037.78033733368,0.00582409784249559
3035.91666841507,0.00550203445845293
3034.05299949646,0.00590889500501944
3032.18933057785,0.00617050349704934
3030.32566165924,0.00625053429337206
3028.46199274063,0.00633985737609462
3026.59832382202,0.00622015308253812
3024.73465490341,0.00636646943141688
3022.8709859848,0.00654302414198406
3021.00731706619,0.00659721221846209
3019.14364814758,0.00667632983857277
3017.27997922897,0.00688869925277049
3015.41631031036,0.00706754223727789
3013.55264139175,0.00737004558765676
3011.68897247314,0.00780160346841764
3009.82530355453,0.00790344963619966
3007.96163463592,0.00766494195475383
3006.09796571731,0.00797994716509096
3004.2342967987,0.00845361507709172
3002.37062788009,0.00853232258688234
3000.50695896148,0.00864004475136089
2998.64329004288,0.00880128609509441
2996.77962112427,0.00884695640477449
2994.91595220566,0.00891396914428194
2993.05228328705,0.0093357007226017
2991.18861436844,0.00981588388552153
2989.32494544983,0.00989177953960102
2987.46127653122,0.0100478825326255
2985.59760761261,0.0109369154003731
2983.733938694,0.0120443948187142
2981.87026977539,0.0126597405147689
2980.00660085678,0.0131958308396903
2978.14293193817,0.0145216061562085
2976.27926301956,0.0158507423145189
2974.41559410095,0.0167743882953556
2972.55192518234,0.0182999267806312
2970.68825626373,0.0203467587639574
2968.82458734512,0.0226316176084531
2966.96091842651,0.0254332623258795
2965.0972495079,0.0281104913409321
2963.23358058929,0.0303012689935194
2961.36991167068,0.032955484934516
2959.50624275207,0.0355805446132862
2957.64257383346,0.0378350854190353
2955.77890491485,0.0397901919320787
2953.91523599624,0.0415651801247433
2952.05156707763,0.0433690186302317
2950.18789815903,0.0449143717022072
2948.32422924042,0.0467903542372434
2946.46056032181,0.0502710300488317
2944.5968914032,0.0557048305547313
2942.73322248459,0.0629421670905812
2940.86955356598,0.0720042519462399
2939.00588464737,0.083201399088194
2937.14221572876,0.0962657363086238
2935.27854681015,0.11192126533919
2933.41487789154,0.130265316844232
2931.55120897293,0.151298342895595
2929.68754005432,0.175225730137676
2927.82387113571,0.202684382648765
2925.9602022171,0.234971136880697
2924.09653329849,0.27435952245719
2922.23286437988,0.321231456682142
2920.36919546127,0.373976946669352
2918.50552654266,0.429114266185499
2916.64185762405,0.478352515549402
2914.77818870544,0.508211852259151
2912.91451978683,0.510177338441952
2911.05085086822,0.487820197584887
2909.18718194961,0.454127961711544
2907.323513031,0.418061245329774
2905.45984411239,0.385449528604412
2903.59617519378,0.357992939685203
2901.73250627518,0.333945546736406
2899.86883735657,0.312239384328259
2898.00516843796,0.293692675742505
2896.14149951935,0.277467719303267
2894.27783060074,0.262239740046087
2892.41416168213,0.24737971003299
2890.55049276352,0.232559426711517
2888.68682384491,0.217396953224727
2886.8231549263,0.202068802004417
2884.95948600769,0.187571078622722
2883.09581708908,0.173901812600268
2881.23214817047,0.160280616250827
2879.36847925186,0.147932909410534
2877.50481033325,0.136696120651689
2875.64114141464,0.12692455913319
2873.77747249603,0.119351336699952
2871.91380357742,0.113274592451311
2870.05013465881,0.108846891981966
2868.1864657402,0.106387558336157
2866.32279682159,0.106004530751934
2864.45912790298,0.109026673818852
2862.59545898437,0.116694172012696
2860.73179006576,0.129703384614333
2858.86812114715,0.149745535078063
2857.00445222854,0.180061885337766
2855.14078330993,0.224102192699863
2853.27711439133,0.285556695145661
2851.41344547272,0.364142540613467
2849.54977655411,0.44154526315232
2847.6861076355,0.480378713438742
2845.82243871689,0.46229536987777
2843.95876979828,0.408137965005561
2842.09510087967,0.345309263741978
2840.23143196106,0.288959726518285
2838.36776304245,0.244584851053756
2836.50409412384,0.209710036961567
2834.64042520523,0.181786493377335
2832.77675628662,0.160057195072285
2830.91308736801,0.143256837781969
2829.0494184494,0.129916220854239
2827.18574953079,0.11854249340212
2825.32208061218,0.108680584157263
2823.45841169357,0.101097775623977
2821.59474277496,0.0942803459143719
2819.73107385635,0.0878919641668689
2817.86740493774,0.0824926187643034
2816.00373601913,0.0779541011311149
2814.14006710052,0.0736334277050183
2812.27639818191,0.0695841127116481
2810.4127292633,0.0661939945774414
2808.54906034469,0.0629582173821599
2806.68539142608,0.0595949214533897
2804.82172250747,0.0571946750696028
2802.95805358887,0.0548606662078584
2801.09438467026,0.0523060846279964
2799.23071575165,0.0503223898658033
2797.36704683304,0.0481807194270099
2795.50337791443,0.045888878721849
2793.63970899582,0.0442565201881673
2791.77604007721,0.0427680327627487
2789.9123711586,0.041157522347262
2788.04870223999,0.0395271446698932
2786.18503332138,0.0379667945828941
2784.32136440277,0.036414312779559
2782.45769548416,0.0351518282892157
2780.59402656555,0.0340493091546903
2778.73035764694,0.0330238885389757
2776.86668872833,0.031910386038512
2775.00301980972,0.0309024119196489
2773.13935089111,0.0298628980139724
2771.2756819725,0.0289271825795979
2769.41201305389,0.0283280940861609
2767.54834413528,0.02765365487386
2765.68467521667,0.0268795841550837
2763.82100629806,0.0261731143293739
2761.95733737945,0.0255155395048112
2760.09366846084,0.0247590870704491
2758.22999954223,0.0240113781486214
2756.36633062362,0.0237958146416695
2754.50266170502,0.0234310100331132
2752.63899278641,0.0227811193197182
2750.7753238678,0.0224777942005774
2748.91165494919,0.0223497649939035
2747.04798603058,0.0220455365037391
2745.18431711197,0.0219713792778499
2743.32064819336,0.0217947902178663
2741.45697927475,0.021472511108158
2739.59331035614,0.0211365312670836
2737.72964143753,0.0208935964977784
2735.86597251892,0.0207668470686954
2734.00230360031,0.0204968978648129
2732.1386346817,0.0204966232084381
2730.27496576309,0.0203484952907696
2728.41129684448,0.0200231246770327
2726.54762792587,0.0198682033964165
2724.68395900726,0.0195961828522479
2722.82029008865,0.0190963135585628
2720.95662117004,0.0188313352715119
2719.09295225143,0.0187334108439619
2717.22928333282,0.0184669795455898
2715.36561441421,0.0181657210939782
2713.5019454956,0.017660851607764
2711.63827657699,0.0172110686987158
2709.77460765838,0.0171044770964152
2707.91093873977,0.0170812848626186
2706.04726982117,0.0170772278652006
2704.18360090256,0.016841630758033
2702.31993198395,0.0166521450784324
2700.45626306534,0.0166386393307179
2698.59259414673,0.0166641321004636
2696.72892522812,0.0164793221870251
2694.86525630951,0.0161697474801512
2693.0015873909,0.016058422524448
2691.13791847229,0.0160920519421334
2689.27424955368,0.016143333261971
2687.41058063507,0.016144971085917
2685.54691171646,0.0161895597158115
2683.68324279785,0.0161969046519147
2681.81957387924,0.0161285762801424
2679.95590496063,0.0162746531855709
2678.09223604202,0.0162839917862577
2676.22856712341,0.0160597547559825
2674.3648982048,0.0162174629200796
2672.50122928619,0.0165783144114565
2670.63756036758,0.0167031880370092
2668.77389144897,0.0166491941959185
2666.91022253036,0.0166552902554639
2665.04655361175,0.0165748904877419
2663.18288469314,0.016540296065729
2661.31921577453,0.0167168730049593
2659.45554685592,0.0168258141245396
2657.59187793732,0.016930190057342
2655.72820901871,0.0170912109219159
2653.8645401001,0.0171643460936823
2652.00087118149,0.0171137740441363
2650.13720226288,0.0168890940879905
2648.27353334427,0.0167364491377903
2646.40986442566,0.0166987845374495
2644.54619550705,0.0168022345659867
2642.68252658844,0.0168458396714355
2640.81885766983,0.0168059537982007
2638.95518875122,0.0167981486811577
2637.09151983261,0.0168649129851205
2635.227850914,0.0169959603477764
2633.36418199539,0.0167791099062954
2631.50051307678,0.0163386816291775
2629.63684415817,0.0158994117827791
2627.77317523956,0.0156430105450936
2625.90950632095,0.0156981433598619
2624.04583740234,0.0156461554427521
2622.18216848373,0.0154578958044144
2620.31849956512,0.0152992054517728
2618.45483064651,0.0148607496129253
2616.5911617279,0.014325363935308
2614.72749280929,0.0139870943412347
2612.86382389068,0.0139402727492184
2611.00015497207,0.0137570908631685
2609.13648605346,0.0132142280002939
2607.27281713486,0.013105754024183
2605.40914821625,0.013212623931325
2603.54547929764,0.0130475388706211
2601.68181037903,0.0126904930376502
2599.81814146042,0.0121320037022967
2597.95447254181,0.0119038411814977
2596.0908036232,0.012044730811398
2594.22713470459,0.0120843460140505
2592.36346578598,0.0118307949276233
2590.49979686737,0.0116689241505775
2588.63612794876,0.0112889067365147
2586.77245903015,0.0107701005656295
2584.90879011154,0.0109636366076312
2583.04512119293,0.0110594677557784
2581.18145227432,0.0108330521626925
2579.31778335571,0.0108176635781239
2577.4541144371,0.0107161647713289
2575.59044551849,0.0106190301832782
2573.72677659988,0.0105747912422639
2571.86310768127,0.00994097263534029
2569.99943876266,0.00956934298514681
2568.13576984405,0.00978261950128257
2566.27210092544,0.0096204810554728
2564.40843200683,0.00935469886463377
2562.54476308822,0.00926301512511714
2560.68109416961,0.00944535059020147
2558.81742525101,0.0094597696666537
2556.9537563324,0.00936049159102019
2555.09008741379,0.00943814126919665
2553.22641849518,0.00932207354097536
2551.36274957657,0.00925078665572729
2549.49908065796,0.00913838572758781
2547.63541173935,0.00839717248569035
2545.77174282074,0.00822252432258856
2543.90807390213,0.00860016027170131
2542.04440498352,0.00808829082820157
2540.18073606491,0.00726420386963064
2538.3170671463,0.00767018276573354
2536.45339822769,0.00853588179012837
2534.58972930908,0.00868286582630412
2532.72606039047,0.00865993856424538
2530.86239147186,0.00845519565937186
2528.99872255325,0.00781468603047452
2527.13505363464,0.00781732365171493
2525.27138471603,0.00826896472845755
2523.40771579742,0.00812695296475745
2521.54404687881,0.00765937508700486
2519.6803779602,0.00739791367895859
2517.81670904159,0.00745585669384303
2515.95304012298,0.00783143817797081
2514.08937120437,0.00816905646812522
2512.22570228576,0.00812513533593853
2510.36203336716,0.00803164579586696
2508.49836444855,0.00770361651518145
2506.63469552994,0.00736006594777707
2504.77102661133,0.00727056809057422
2502.90735769272,0.00700552564208731
2501.04368877411,0.0071624384454428
2499.1800198555,0.0073268009762829
2497.31635093689,0.00695491086586481
2495.45268201828,0.00697774232592237
2493.58901309967,0.00687265689148529
2491.72534418106,0.00707097971399696
2489.86167526245,0.00734207074206615
2487.99800634384,0.00692990483602938
2486.13433742523,0.00691672323284264
2484.27066850662,0.00657957201914061
2482.40699958801,0.0061562438404425
2480.5433306694,0.00631780734115883
2478.67966175079,0.00646069661863906
2476.81599283218,0.00680385662327225
2474.95232391357,0.00697630741997194
2473.08865499496,0.00679183732872024
2471.22498607635,0.00659551178483189
2469.36131715774,0.00637482173928789
2467.49764823913,0.00632079055923356
2465.63397932052,0.00627004626243133
2463.77031040192,0.00621607812677966
2461.90664148331,0.00624496366712152
2460.0429725647,0.00615177775566479
2458.17930364609,0.00601092277525461
2456.31563472748,0.00631019443913587
2454.45196580887,0.00669864480200064
2452.58829689026,0.00648086203601422
2450.72462797165,0.00596763065299953
2448.86095905304,0.00592396249431601
2446.99729013443,0.0065331467942275
2445.13362121582,0.00693404995596198
2443.26995229721,0.00671747776674999
2441.4062833786,0.00656080217337874
2439.54261445999,0.00624588082700587
2437.67894554138,0.00581276397258991
2435.81527662277,0.00586888179772208
2433.95160770416,0.00617887684647829
2432.08793878555,0.00620265643569537
2430.22426986694,0.00615169684457221
2428.36060094833,0.00621267513911159
2426.49693202972,0.00597168734787045
2424.63326311111,0.00602911927942376
2422.7695941925,0.0069944840171486
2420.90592527389,0.00718094895726111
2419.04225635528,0.00645713881988504
2417.17858743667,0.00636664562922023
2415.31491851807,0.0064385723296705
2413.45124959946,0.00639254890905474
2411.58758068085,0.00672915357443934
2409.72391176224,0.00692279920194014
2407.86024284363,0.00647595559719452
2405.99657392502,0.00595722026829211
2404.13290500641,0.00593613681300487
2402.2692360878,0.00588629736325304
2400.40556716919,0.00576924640809217
2398.54189825058,0.00578152836024472
2396.67822933197,0.00598224242893646
2394.81456041336,0.006091628500481
2392.95089149475,0.0061636908453126
2391.08722257614,0.00613532722063161
2389.22355365753,0.00602713489147793
2387.35988473892,0.00586498820653593
2385.49621582031,0.00586367153921391
2383.6325469017,0.00658694438456823
2381.76887798309,0.0072571635693728
2379.90520906448,0.0072152334749783
2378.04154014587,0.00677874930878872
2376.17787122726,0.00671465715686446
2374.31420230865,0.00710518693168087
2372.45053339004,0.00715852722245725
2370.58686447143,0.00758545144333514
2368.72319555282,0.00760032162544664
2366.85952663421,0.00696966189171305
2364.99585771561,0.0068002500204063
2363.132188797,0.00693346017848391
2361.26851987839,0.00715591447230599
2359.40485095978,0.00714963204632478
2357.54118204117,0.0072728352854193
2355.67751312256,0.00743265900542297
2353.81384420395,0.00715004901765861
2351.95017528534,0.00708270520209095
2350.08650636673,0.00717805876975109
2348.22283744812,0.00741884252163015
2346.35916852951,0.00782424653738819
2344.4954996109,0.00845821830251178
2342.63183069229,0.00898587188825048
2340.76816177368,0.0088844351931578
2338.90449285507,0.00834946690452335
2337.04082393646,0.00827053399041283
2335.17715501785,0.00896788711256064
2333.31348609924,0.00873776560834571
2331.44981718063,0.0082044505910865
2329.58614826202,0.00845928800164217
2327.72247934341,0.00879143132702836
2325.8588104248,0.00923543390642602
2323.99514150619,0.00915664766947359
2322.13147258758,0.00943602173995423
2320.26780366897,0.0101801729606976
2318.40413475036,0.0100295746604212
2316.54046583176,0.00949713307222967
2314.67679691315,0.00921415477076605
2312.81312799454,0.00917477185047004
2310.94945907593,0.00886345899993793
2309.08579015732,0.00870268163600779
2307.22212123871,0.00870230292417152
2305.3584523201,0.00825387191821322
2303.49478340149,0.0081359159259319
2301.63111448288,0.00815689031899843
2299.76744556427,0.00784348633587022
2297.90377664566,0.00757793946036623
2296.04010772705,0.00807728762829963
2294.17643880844,0.00862392467185971
2292.31276988983,0.0079055402859433
2290.44910097122,0.00712754661827389
2288.58543205261,0.0075647037072596
2286.721763134,0.00851804001334465
2284.85809421539,0.00891130589750744
2282.99442529678,0.00837262046023106
2281.13075637817,0.00790032636595005
2279.26708745956,0.0081811450315707
2277.40341854095,0.00795982691330272
2275.53974962234,0.00784791779114173
2273.67608070373,0.00821761556189736
2271.81241178512,0.00776706041222542
2269.94874286651,0.00774920148282059
2268.08507394791,0.00807092623283924
2266.2214050293,0.00765739359169163
2264.35773611069,0.00663978227377909
2262.49406719208,0.00670487564807268
2260.63039827347,0.00731628473850481
2258.76672935486,0.0073149789278746
2256.90306043625,0.00676032284452125
2255.03939151764,0.00650620359261788
2253.17572259903,0.00682655792643887
2251.31205368042,0.00663983526447284
2249.44838476181,0.00596542334544169
2247.5847158432,0.00580701233297851
2245.72104692459,0.00687791142834201
2243.85737800598,0.00786620540718237
2241.99370908737,0.00748983674509011
2240.13004016876,0.00703075288257582
2238.26637125015,0.00625234294170605
2236.40270233154,0.00563854063422231
2234.53903341293,0.00556410097407905
2232.67536449432,0.00609119406023174
2230.81169557571,0.00582821235931683
2228.9480266571,0.00507697282215754
2227.08435773849,0.00555690503319957
2225.22068881988,0.0064772095213439
2223.35701990127,0.00703905327134247
2221.49335098267,0.00624087696174785
2219.62968206406,0.00544186408204111
2217.76601314545,0.00568876262780756
2215.90234422684,0.00587229449967602
2214.03867530823,0.00555480164041897
2212.17500638962,0.00531620092399797
2210.31133747101,0.00595852369419532
2208.4476685524,0.0070211652796092
2206.58399963379,0.00617206394204942
2204.72033071518,0.00511785065816122
2202.85666179657,0.00639786535884959
2200.99299287796,0.00667349946237812
2199.12932395935,0.00642293161480129
2197.26565504074,0.00624087369971601
2195.40198612213,0.00486656460579806
2193.53831720352,0.00486964907628547
2191.67464828491,0.00623429757909067
2189.8109793663,0.00756174475977737
2187.94731044769,0.00706650407174244
2186.08364152908,0.00583301409822402
2184.21997261047,0.00463510427034943
2182.35630369186,0.0040845587079191
2180.49263477325,0.00437376923884238
2178.62896585464,0.00551172430173743
2176.76529693603,0.00662403845295122
2174.90162801742,0.00709429827717996
2173.03795909882,0.00707131563319101
2171.17429018021,0.00610453051145705
2169.3106212616,0.00462784330307459
2167.44695234299,0.00549793784614484
2165.58328342438,0.00716922691671076
2163.71961450577,0.00673445377740265
2161.85594558716,0.00630789399329971
2159.99227666855,0.00450790712952151
2158.12860774994,0.00240579399029152
2156.26493883133,0.00365216932994363
2154.40126991272,0.00381148144061966
2152.53760099411,0.0034114017837454
2150.6739320755,0.0026090045125212
2148.81026315689,0.00349885809856954
2146.94659423828,0.00501796138223274
2145.08292531967,0.00514721500407858
2143.21925640106,0.00391390617018802
2141.35558748245,0.00383234364041334
2139.49191856384,0.00526609091379793
2137.62824964523,0.00497802344975118
2135.76458072662,0.00445342025052248
2133.90091180801,0.00444630911561866
2132.0372428894,0.00449020636161522
2130.17357397079,0.00388840317148718
2128.30990505218,0.00370140486930476
2126.44623613357,0.00389792250526622
2124.58256721496,0.00354297781389568
2122.71889829636,0.00344028794114159
2120.85522937775,0.00368838168035451
2118.99156045914,0.00351895523663999
2117.12789154053,0.00424119034178036
2115.26422262192,0.00536602000776182
2113.40055370331,0.00559660304546839
2111.5368847847,0.00529825463943783
2109.67321586609,0.00615266421228244
2107.80954694748,0.00673750740721528
2105.94587802887,0.00539017236791493
2104.08220911026,0.0047639116492304
2102.21854019165,0.00553128609524431
2100.35487127304,0.00612567362140687
2098.49120235443,0.00604287204892318
2096.62753343582,0.00527355569024387
2094.76386451721,0.00435774561169703
2092.9001955986,0.00422449804999603
2091.03652667999,0.00447319962093852
2089.17285776138,0.00533245388400914
2087.30918884277,0.00616496952173027
2085.44551992416,0.00581957547804184
2083.58185100555,0.00535390227275909
2081.71818208694,0.00564830696769693
2079.85451316833,0.00592374488739554
2077.99084424972,0.00597199332781727
2076.12717533111,0.00635873836555322
2074.26350641251,0.00706925248931903
2072.3998374939,0.00734785774565263
2070.53616857529,0.00647008517893863
2068.67249965668,0.00665051036053322
2066.80883073807,0.0075449716778411
2064.94516181946,0.00685838054511657
2063.08149290085,0.00539108602849867
2061.21782398224,0.00473630173134614
2059.35415506363,0.00526611811888575
2057.49048614502,0.00646894782653231
2055.62681722641,0.00770459025748696
2053.7631483078,0.00759864891963847
2051.89947938919,0.00672341922349489
2050.03581047058,0.00693153074212252
2048.17214155197,0.00734237916592121
2046.30847263336,0.00700801631651053
2044.44480371475,0.00573551426205874
2042.58113479614,0.00558851131062304
2040.71746587753,0.00670631953930019
2038.85379695892,0.00595621149794999
2036.99012804031,0.00634315986403122
2035.1264591217,0.00581566295381767
2033.26279020309,0.00396388104635096
2031.39912128448,0.00582121481562062
2029.53545236587,0.00788592203936448
2027.67178344726,0.0057802137233164
2025.80811452865,0.00368804398210458
2023.94444561005,0.00448173614494508
2022.08077669144,0.00606715640341505
2020.21710777283,0.00704827015113574
2018.35343885422,0.00664336359924768
2016.48976993561,0.00669310531270621
2014.626101017,0.00731325943591482
2012.76243209839,0.00615106967723871
2010.89876317978,0.00484431539729099
2009.03509426117,0.00515862125112855
2007.17142534256,0.00384458945936705
2005.30775642395,0.00368803506858097
2003.44408750534,0.00575487043209898
2001.58041858673,0.00541719444971513
1999.71674966812,0.00673914405797183
1997.85308074951,0.0073919696608343
1995.9894118309,0.00587847908398348
1994.12574291229,0.00603857343792762
1992.26207399368,0.00659062782022923
1990.39840507507,0.00432831639245891
1988.53473615646,0.00515403755000788
1986.67106723785,0.00721420751931205
1984.80739831924,0.00517248948191881
1982.94372940063,0.0040998185710582
1981.08006048202,0.00599784872911995
1979.21639156341,0.00759353608465387
1977.3527226448,0.00621822749170898
1975.4890537262,0.00471194848720177
1973.62538480759,0.00494736462966848
1971.76171588898,0.00455809362694405
1969.89804697037,0.0051779567763723
1968.03437805176,0.0064018034798386
1966.17070913315,0.00709932524177256
1964.30704021454,0.00596239835249968
1962.44337129593,0.00507445499333125
1960.57970237732,0.0046214434241348
1958.71603345871,0.00462883753540032
1956.8523645401,0.00479201594192703
1954.98869562149,0.00382485516307137
1953.12502670288,0.00337137228708825
1951.26135778427,0.0051890719278576
1949.39768886566,0.00560006043947175
1947.53401994705,0.00515207413715139
1945.67035102844,0.00438575174871214
1943.80668210983,0.00378833678717929
1941.94301319122,0.0044815155154838
1940.07934427261,0.00436688890045759
1938.215675354,0.00372132596536918
1936.35200643539,0.00478195960730226
1934.48833751678,0.00450080961732793
1932.62466859817,0.00462079871317463
1930.76099967956,0.00611677114134405
1928.89733076095,0.00647914859221168
1927.03366184235,0.00563285554454063
1925.16999292374,0.00489829324255904
1923.30632400513,0.00530331276413559
1921.44265508652,0.00610882167515976
1919.57898616791,0.00678892313380626
1917.7153172493,0.00631485260614955
1915.85164833069,0.00576776556156411
1913.98797941208,0.00580956577937082
1912.12431049347,0.00621131443991412
1910.26064157486,0.00593069832543703
1908.39697265625,0.00559929585353146
1906.53330373764,0.00537215482890972
1904.66963481903,0.00533006165298006
1902.80596590042,0.00582219749102414
1900.94229698181,0.00603918139529131
1899.0786280632,0.00630052016345423
1897.21495914459,0.00698811863901769
1895.35129022598,0.00708495321683076
1893.48762130737,0.00656618504818308
1891.62395238876,0.00668865697402601
1889.76028347015,0.0067241548523913
1887.89661455154,0.00637290455562405
1886.03294563293,0.00616400706458828
1884.16927671432,0.00611590225896878
1882.30560779571,0.00596270961716085
1880.4419388771,0.00589392384348851
1878.5782699585,0.00578813791975626
1876.71460103989,0.00589626698858054
1874.85093212128,0.00612392410542869
1872.98726320267,0.00640270498400079
1871.12359428406,0.00676310856469376
1869.25992536545,0.00648958795239969
1867.39625644684,0.0060868526790857
1865.53258752823,0.00593115701034806
1863.66891860962,0.0055748827485965
1861.80524969101,0.00556103641959309
1859.9415807724,0.00584711504895452
1858.07791185379,0.00553009633647584
1856.21424293518,0.00521462071081881
1854.35057401657,0.00553659334814277
1852.48690509796,0.00545949574569215
1850.62323617935,0.00553178310693477
1848.75956726074,0.00549442669538383
1846.89589834213,0.00631136878463184
1845.03222942352,0.00659638378052471
1843.16856050491,0.00621190423059792
1841.3048915863,0.0057356746939397
1839.44122266769,0.00551018014268032
1837.57755374908,0.00576137615822462
1835.71388483047,0.00576180782749483
1833.85021591186,0.00561895864603035
1831.98654699325,0.00631625227570599
1830.12287807465,0.00674374625426243
1828.25920915604,0.00667469695301434
1826.39554023743,0.0067975203151284
1824.53187131882,0.00669945558267588
1822.66820240021,0.00624904644792806
1820.8045334816,0.0059050205132339
1818.94086456299,0.00589679815927948
1817.07719564438,0.00557496304282003
1815.21352672577,0.0054989245296445
1813.34985780716,0.00595038415145961
1811.48618888855,0.00638501351626815
1809.62251996994,0.00657087583395446
1807.75885105133,0.00637371224468019
1805.89518213272,0.00619567350597405
1804.03151321411,0.00659253610684924
1802.1678442955,0.00704026147070681
1800.30417537689,0.00699829442566265
1798.44050645828,0.0067044539557603
1796.57683753967,0.00639068416149493
1794.71316862106,0.00680749833858088
1792.84949970245,0.00736907258554324
1790.98583078384,0.0071643082926435
1789.12216186523,0.00649046913655919
1787.25849294662,0.00649270560984001
1785.39482402801,0.00668032368629368
1783.5311551094,0.00693751120615727
1781.66748619079,0.0069505633893244
1779.80381727219,0.00639565108413619
1777.94014835358,0.0063783455161205
1776.07647943497,0.00698205346581454
1774.21281051636,0.00775226103103259
1772.34914159775,0.00779540163226991
1770.48547267914,0.00782039631126033
1768.62180376053,0.00703850282413739
1766.75813484192,0.00655773686705071
1764.89446592331,0.00666177846834224
1763.0307970047,0.00728099938091016
1761.16712808609,0.00712129899796801
1759.30345916748,0.00729825467204879
1757.43979024887,0.00708735083322517
1755.57612133026,0.00695834773312655
1753.71245241165,0.00746534534742586
1751.84878349304,0.00820002752867018
1749.98511457443,0.00853931480181646
1748.12144565582,0.00811033479190554
1746.25777673721,0.00773576231058708
1744.3941078186,0.00764797079810869
1742.53043889999,0.00789923501676647
1740.66676998138,0.0081193902197701
1738.80310106277,0.0078841822057207
1736.93943214416,0.00894731892388277
1735.07576322555,0.00945699742792955
1733.21209430694,0.00941882585877633
1731.34842538834,0.00881379233346355
1729.48475646973,0.00825520894700607
1727.62108755112,0.00804555141782095
1725.75741863251,0.00880818386206007
1723.8937497139,0.00973968721043763
1722.03008079529,0.0107483428043784
1720.16641187668,0.0120390439903038
1718.30274295807,0.0127529638307567
1716.43907403946,0.0124254070901602
1714.57540512085,0.0107388330523715
1712.71173620224,0.00935329183379842
1710.84806728363,0.00840113484084846
1708.98439836502,0.00848522581688571
1707.12072944641,0.00919186779872192
1705.2570605278,0.00893898766555172
1703.39339160919,0.0100421997889694
1701.52972269058,0.0104885385723283
1699.66605377197,0.0101080171625275
1697.80238485336,0.0102038063006098
1695.93871593475,0.00893973812340717
1694.07504701614,0.00797388931401984
1692.21137809753,0.00706644317705599
1690.34770917892,0.00712911033345712
1688.48404026031,0.00758052215192811
1686.6203713417,0.00910917823080047
1684.75670242309,0.00955253019017126
1682.89303350449,0.00960492357369707
1681.02936458588,0.00787838788348829
1679.16569566727,0.00736560026867698
1677.30202674866,0.00787313291196873
1675.43835783005,0.00810826300515448
1673.57468891144,0.00801410581240286
1671.71101999283,0.0083810677352616
1669.84735107422,0.00869710148593972
1667.98368215561,0.00800990781587421
1666.120013237,0.00722362092169003
1664.25634431839,0.00747884894639019
1662.39267539978,0.00784865854212429
1660.52900648117,0.00761056814060322
1658.66533756256,0.00719365483973496
1656.80166864395,0.00850900266633279
1654.93799972534,0.01060064831491
1653.07433080673,0.0108219440990665
1651.21066188812,0.0093345462289688
1649.34699296951,0.00885060416378664
1647.4833240509,0.00903026879927246
1645.61965513229,0.00858143756833706
1643.75598621368,0.0080049696112305
1641.89231729507,0.00762332090317545
1640.02864837646,0.00795871069199118
1638.16497945785,0.00924468127151416
1636.30131053924,0.00987309692623129
1634.43764162064,0.00911797136569627
1632.57397270203,0.00787424089900353
1630.71030378342,0.00780865613723973
1628.84663486481,0.00818256543085301
1626.9829659462,0.00874832016720434
1625.11929702759,0.00883851213096905
1623.25562810898,0.00858910289886203
1621.39195919037,0.00810785798294244
1619.52829027176,0.00820152649875067
1617.66462135315,0.00838798736055762
1615.80095243454,0.00820684728110828
1613.93728351593,0.00781268112965047
1612.07361459732,0.00752255509398913
1610.20994567871,0.00774856479023238
1608.3462767601,0.00803917341089637
1606.48260784149,0.00815222494249207
1604.61893892288,0.00775048911324561
1602.75527000427,0.00764950225103297
1600.89160108566,0.00776427041271583
1599.02793216705,0.00785211412793103
1597.16426324844,0.00773887517677602
1595.30059432983,0.0079435833698228
1593.43692541122,0.00798292857182488
1591.57325649261,0.00814113473071874
1589.709587574,0.00804131545954337
1587.84591865539,0.00791982018360096
1585.98224973678,0.00786684613396366
1584.11858081818,0.00812722384059245
1582.25491189957,0.00807399674090747
1580.39124298096,0.00852067245308391
1578.52757406235,0.00931872217383661
1576.66390514374,0.00963238375339457
1574.80023622513,0.00892258572240019
1572.93656730652,0.00851750614854872
1571.07289838791,0.0087112982572271
1569.2092294693,0.0090315234415477
1567.34556055069,0.00882827683077024
1565.48189163208,0.00832751403000377
1563.61822271347,0.00866692661180794
1561.75455379486,0.0103001845791331
1559.89088487625,0.0124923585880361
1558.02721595764,0.0120056364093458
1556.16354703903,0.00985267095458132
1554.29987812042,0.00916853554369273
1552.43620920181,0.00925049075673239
1550.5725402832,0.00903745573993269
1548.70887136459,0.00912237634099441
1546.84520244598,0.00925508214710445
1544.98153352737,0.0103250094634052
1543.11786460876,0.0114690188256273
1541.25419569015,0.0127217115012426
1539.39052677154,0.0120433676146232
1537.52685785294,0.0101791456397238
1535.66318893433,0.0095209043036486
1533.79952001572,0.01000853625815
1531.93585109711,0.00982903723207808
1530.0721821785,0.00978584341839224
1528.20851325989,0.0102963640887143
1526.34484434128,0.0106502526894137
1524.48117542267,0.0114819736011146
1522.61750650406,0.011855227009854
1520.75383758545,0.0120201804670433
1518.89016866684,0.0112930861923073
1517.02649974823,0.0113678879577981
1515.16283082962,0.0113704542990165
1513.29916191101,0.0111906879086124
1511.4354929924,0.0116310697572695
1509.57182407379,0.0129123341801873
1507.70815515518,0.0145252525857562
1505.84448623657,0.0135811289640082
1503.98081731796,0.0113740510345005
1502.11714839935,0.0111364610646456
1500.25347948074,0.0120308311935254
1498.38981056213,0.0129880814367003
1496.52614164352,0.0134682321078225
1494.66247272491,0.0133684750285778
1492.7988038063,0.0134934403439063
1490.93513488769,0.0148440787593648
1489.07146596909,0.0158142820099925
1487.20779705048,0.0160101498518341
1485.34412813187,0.0162445788680272
1483.48045921326,0.0169970500415103
1481.61679029465,0.0187617177708199
1479.75312137604,0.0215352579489045
1477.88945245743,0.0281618082517031
1476.02578353882,0.0498326216031349
1474.16211462021,0.0945622042519551
1472.2984457016,0.142275418570366
1470.43477678299,0.155908408956089
1468.57110786438,0.156050382331916
1466.70743894577,0.158898061795087
1464.84377002716,0.162966365534085
1462.98010110855,0.159782431242663
1461.11643218994,0.145268764695987
1459.25276327133,0.130427522454886
1457.38909435272,0.115236693929502
1455.52542543411,0.0938396526983348
1453.6617565155,0.0786059405089528
1451.79808759689,0.0704340708218578
1449.93441867828,0.0647065277362736
1448.07074975967,0.059808386530867
1446.20708084106,0.0540157314248283
1444.34341192245,0.0500107309699979
1442.47974300384,0.0475382136054923
1440.61607408524,0.0460103544541838
1438.75240516663,0.0457811786387638
1436.88873624802,0.0449850422634733
1435.02506732941,0.039767060935476
1433.1613984108,0.0353802534729558
1431.29772949219,0.0332761144609398
1429.43406057358,0.0306980178790408
1427.57039165497,0.0273678865302411
1425.70672273636,0.0248447315804801
1423.84305381775,0.0231067054770413
1421.97938489914,0.0217245399646004
1420.11571598053,0.0215306888297123
1418.25204706192,0.0202694033582343
1416.38837814331,0.0177366405123122
1414.5247092247,0.0165429053587464
1412.66104030609,0.0162402925313995
1410.79737138748,0.0162634413375374
1408.93370246887,0.0159535941187316
1407.07003355026,0.0158558384576085
1405.20636463165,0.0156436027064526
1403.34269571304,0.0151210095877537
1401.47902679443,0.0148105059508287
1399.61535787582,0.0152242198848245
1397.75168895721,0.0152536368858559
1395.8880200386,0.0153589098548859
1394.02435111999,0.0148923890663651
1392.16068220139,0.013831995370921
1390.29701328278,0.0139387589532292
1388.43334436417,0.0149595447006118
1386.56967544556,0.0156779602617891
1384.70600652695,0.0158466408591662
1382.84233760834,0.0173167714378433
1380.97866868973,0.0203824907328191
1379.11499977112,0.0244402779953613
1377.25133085251,0.0273443641162543
1375.3876619339,0.0283014400285546
1373.52399301529,0.0273918900654325
1371.66032409668,0.0262199681061697
1369.79665517807,0.0263366584984302
1367.93298625946,0.026357008434972
1366.06931734085,0.0258930483788548
1364.20564842224,0.0257060594621929
1362.34197950363,0.0248268645820568
1360.47831058502,0.0231051811766887
1358.61464166641,0.0221022481955097
1356.7509727478,0.0218419362645029
1354.88730382919,0.0220358140221652
1353.02363491058,0.0220862540105465
1351.15996599197,0.0219140546528627
1349.29629707336,0.0216643455899049
1347.43262815475,0.0211519500610744
1345.56895923614,0.0204694531743345
1343.70529031753,0.0200460659526292
1341.84162139893,0.0199848663950233
1339.97795248032,0.0199639050931273
1338.11428356171,0.0190213290378657
1336.2506146431,0.0176684613694828
1334.38694572449,0.0165772919351411
1332.52327680588,0.015852011413244
1330.65960788727,0.0154867793775671
1328.79593896866,0.015271608728551
1326.93227005005,0.0151800416786976
1325.06860113144,0.0153231820544544
1323.20493221283,0.0154659575613186
1321.34126329422,0.0157708778493099
1319.47759437561,0.0162939123095062
1317.613925457,0.0167112693990369
1315.75025653839,0.0169876758011893
1313.88658761978,0.0172661278033313
1312.02291870117,0.0175986706572883
1310.15924978256,0.0179702974725694
1308.29558086395,0.0184099643845065
1306.43191194534,0.0188037683628345
1304.56824302673,0.018979967324619
1302.70457410812,0.0190498239777114
1300.84090518951,0.0190121396263012
1298.9772362709,0.0189877496038618
1297.11356735229,0.018885810144958
1295.24989843368,0.018463543546718
1293.38622951508,0.0179705872907353
1291.52256059647,0.017736904267821
1289.65889167786,0.0172620110480399
1287.79522275925,0.0167707526709954
1285.93155384064,0.0164112778922333
1284.06788492203,0.0161440342301696
1282.20421600342,0.0159766337288258
1280.34054708481,0.0157895544461651
1278.4768781662,0.0154838572610783
1276.61320924759,0.0153769526150568
1274.74954032898,0.0154172564959289
1272.88587141037,0.0154525562537753
1271.02220249176,0.0153669211379316
1269.15853357315,0.0150969551136891
1267.29486465454,0.014903150457821
1265.43119573593,0.0148386910284138
1263.56752681732,0.0146457642912429
1261.70385789871,0.0144889823716098
1259.8401889801,0.0143391982157925
1257.97652006149,0.0140885948103715
1256.11285114288,0.0139262546569072
1254.24918222427,0.0138243928020015
1252.38551330566,0.0136985505488159
1250.52184438705,0.0136253761321134
1248.65817546844,0.0136388562325488
1246.79450654983,0.0136203679765574
1244.93083763123,0.0133981010813914
1243.06716871262,0.0130771935935627
1241.20349979401,0.0129217545021704
1239.3398308754,0.0128969550025934
1237.47616195679,0.0129619997254781
1235.61249303818,0.0129607853521287
1233.74882411957,0.0128389715707199
1231.88515520096,0.0128024790975629
1230.02148628235,0.0125356326670772
1228.15781736374,0.0122241819612149
1226.29414844513,0.0121680585681926
1224.43047952652,0.0122043161133541
1222.56681060791,0.0122122338946196
1220.7031416893,0.0121659511163371
1218.83947277069,0.012005622886821
1216.97580385208,0.0118949423394864
1215.11213493347,0.0119743403345383
1213.24846601486,0.0119818095534525
1211.38479709625,0.0118878825314027
1209.52112817764,0.0118146697385527
1207.65745925903,0.0117441424898856
1205.79379034042,0.0116362382355022
1203.93012142181,0.0116195772393298
1202.0664525032,0.0115537600820079
1200.20278358459,0.011512525274732
1198.33911466598,0.0115279581695683
1196.47544574738,0.0115642048361124
1194.61177682877,0.0115249113292963
1192.74810791016,0.0115072758763097
1190.88443899155,0.0114990175990293
1189.02077007294,0.0114655333012939
1187.15710115433,0.0113737931247141
1185.29343223572,0.0112892078775788
1183.42976331711,0.0113694642865821
1181.5660943985,0.0114909031434415
1179.70242547989,0.0116050818855134
1177.83875656128,0.0116485648331857
1175.97508764267,0.0115457360128699
1174.11141872406,0.0113986475215867
1172.24774980545,0.0114071529541956
1170.38408088684,0.0113488606816265
1168.52041196823,0.0111749450724699
1166.65674304962,0.0111071676721846
1164.79307413101,0.0111668160638566
1162.9294052124,0.0110888183175214
1161.06573629379,0.0110131218880489
1159.20206737518,0.0110726857645718
1157.33839845657,0.0112340498114922
1155.47472953796,0.0113485148797261
1153.61106061935,0.0113215659618169
1151.74739170074,0.0112868881685885
1149.88372278213,0.0112181353336459
1148.02005386352,0.0112351517819955
1146.15638494492,0.011240031811
1144.29271602631,0.0111722405803772
1142.4290471077,0.011168799961526
1140.56537818909,0.0111686222382874
1138.70170927048,0.011171197033401
1136.83804035187,0.011063439458759
1134.97437143326,0.0110397170781515
1133.11070251465,0.0111780533444348
1131.24703359604,0.0112025938528657
1129.38336467743,0.0111897805247044
1127.51969575882,0.0110093082512887
1125.65602684021,0.0109953726090155
1123.7923579216,0.0110225589002824
1121.92868900299,0.0108971282094312
1120.06502008438,0.0108675287567178
1118.20135116577,0.0108932996962426
1116.33768224716,0.0108534196469367
1114.47401332855,0.0108657739943554
1112.61034440994,0.0110094075145438
1110.74667549133,0.0110352450570189
1108.88300657272,0.0109379623456147
1107.01933765411,0.0109435735945238
1105.1556687355,0.0109738579096671
1103.29199981689,0.0109338862834728
1101.42833089828,0.0109442062290825
1099.56466197967,0.0109761149282888
1097.70099306107,0.0110406483270077
1095.83732414246,0.0111784631929258
1093.97365522385,0.0113907221749423
1092.10998630524,0.0117445187768019
1090.24631738663,0.0120898585810685
1088.38264846802,0.0123170857568417
1086.51897954941,0.0124739857202983
1084.6553106308,0.0124080402380878
1082.79164171219,0.0125428638268811
1080.92797279358,0.0127356368509949
1079.06430387497,0.0127184433732863
1077.20063495636,0.0125884588151904
1075.33696603775,0.0124554247492106
1073.47329711914,0.0122034087782792
1071.60962820053,0.0120878492118374
1069.74595928192,0.0121407874820078
1067.88229036331,0.0120688122020753
1066.0186214447,0.0120054370850898
1064.15495252609,0.0121511488468797
1062.29128360748,0.0122418989881907
1060.42761468887,0.012262834196221
1058.56394577026,0.0120632728110183
1056.70027685165,0.0116724201815001
1054.83660793304,0.0115010369799786
1052.97293901443,0.0116385621715503
1051.10927009582,0.0116159845741718
1049.24560117722,0.0114029416726352
1047.38193225861,0.0111816791624733
1045.51826334,0.0110540046525464
1043.65459442139,0.0109632106650869
1041.79092550278,0.0109285249602779
1039.92725658417,0.0109214255488642
1038.06358766556,0.0108298686501086
1036.19991874695,0.0107411033210131
1034.33624982834,0.0108081652047569
1032.47258090973,0.0109750776426631
1030.60891199112,0.0109466844933176
1028.74524307251,0.0107951559036089
1026.8815741539,0.0108096157654811
1025.01790523529,0.0109822305901841
1023.15423631668,0.01084212880911
1021.29056739807,0.0105915863058205
1019.42689847946,0.0105090835977797
1017.56322956085,0.0105120667189502
1015.69956064224,0.0105104630996957
1013.83589172363,0.0104096216926255
1011.97222280502,0.0105146906557764
1010.10855388641,0.0105822576178579
1008.2448849678,0.0105546856834534
1006.38121604919,0.0106529561490275
1004.51754713058,0.010655979594659
1002.65387821197,0.0106120606630347
1000.79020929337,0.0105575628067925
998.926540374756,0.0105227087406106
997.062871456146,0.0105373346163973
995.199202537537,0.0104491550111686
993.335533618927,0.010280612943297
991.471864700317,0.0103225156918823
989.608195781708,0.0104369407487538
987.744526863098,0.0104761312124592
985.880857944489,0.0105295166705592
984.017189025879,0.0103580710500267
982.153520107269,0.0101929559571305
980.28985118866,0.0103503504678298
978.42618227005,0.0105843996250016
976.56251335144,0.0106422087673781
974.698844432831,0.0106589172091904
972.835175514221,0.0107682377714688
970.971506595612,0.0108216003540335
969.107837677002,0.010758504332196
967.244168758392,0.0107001123183197
965.380499839783,0.0106069648525364
963.516830921173,0.010624850910821
961.653162002563,0.0107381088438381
959.789493083954,0.0105546423650063
957.925824165344,0.0104229854453849
956.062155246735,0.0103638835832021
954.198486328125,0.0104110769226347
952.334817409515,0.0105387739990901
950.471148490906,0.0105233630699803
948.607479572296,0.0104906008953874
946.743810653687,0.0105408806576048
944.880141735077,0.0105867623870733
943.016472816467,0.0106584481135992
941.152803897858,0.010808008556252
939.289134979248,0.0106044834460099
937.425466060638,0.0104234431985944
935.561797142029,0.0104648081969617
933.698128223419,0.0105157281468564
931.83445930481,0.0104352698480433
929.9707903862,0.0102999385782744
928.10712146759,0.0104325327709827
926.243452548981,0.0104768222605655
924.379783630371,0.0104341143722772
922.516114711761,0.0102958112866418
920.652445793152,0.0103208878882538
918.788776874542,0.0105981513853036
916.925107955933,0.0105393295775984
915.061439037323,0.0104317368401213
913.197770118713,0.01066442466906
911.334101200104,0.0110478091512462
909.470432281494,0.0111236825801301
907.606763362885,0.0110607699185453
905.743094444275,0.0110165452403296
903.879425525665,0.0107146460109561
902.015756607056,0.010508517386762
900.152087688446,0.0107794202537805
898.288418769836,0.010994431897931
896.424749851227,0.0112017169496858
894.561080932617,0.0114342298007239
892.697412014008,0.0115515628564826
890.833743095398,0.0119000291694322
888.970074176788,0.0120498758541086
887.106405258179,0.012016240400655
885.242736339569,0.0119470019697819
883.379067420959,0.0117685664231164
881.51539850235,0.011440769028564
879.65172958374,0.0108428255341152
877.788060665131,0.0106959140093671
875.924391746521,0.0107541966116874
874.060722827911,0.0107799280428211
872.197053909302,0.0106281743215106
870.333384990692,0.0102563254459094
868.469716072083,0.0101794766701924
866.606047153473,0.0101364041874282
864.742378234863,0.00997881163562489
862.878709316254,0.00993081180413647
861.015040397644,0.0104003841642369
859.151371479034,0.01073643802425
857.287702560425,0.0104805800756145
855.424033641815,0.010260036800503
853.560364723206,0.0104649569686767
851.696695804596,0.0105989100033677
849.833026885986,0.0103566858619198
847.969357967377,0.0104882033425208
846.105689048767,0.0107723224278308
844.242020130157,0.0107311760567544
842.378351211548,0.0106269271971596
840.514682292938,0.0104933634539438
838.651013374329,0.0102361376865026
836.787344455719,0.00981454567605502
834.923675537109,0.00994341112079566
833.0600066185,0.0102263168605661
831.19633769989,0.0102492233640652
829.332668781281,0.0104433559797925
827.468999862671,0.0107560262038366
825.605330944061,0.0111642910579728
823.741662025452,0.0112560496639096
821.877993106842,0.0109834967314366
820.014324188232,0.0106980449717559
818.150655269623,0.0105699149791366
816.286986351013,0.0108308555138964
814.423317432404,0.011275066171443
812.559648513794,0.0110375763338882
810.695979595184,0.0107719780738641
808.832310676575,0.0110680998911033
806.968641757965,0.0115490972408767
805.104972839355,0.0115490928844414
803.241303920746,0.0117054578202404
801.377635002136,0.0119719184899312
799.513966083527,0.0117904712964495
797.650297164917,0.011933108252542
795.786628246307,0.0120806660216138
793.922959327698,0.0118360777186099
792.059290409088,0.0118367142731415
790.195621490479,0.0121913948722567
788.331952571869,0.0124146917881026
786.468283653259,0.0122680374332612
784.60461473465,0.0124114974995608
782.74094581604,0.0128831828950434
780.87727689743,0.0128949893154074
779.013607978821,0.0134140932937768
777.149939060211,0.0138296401632958
775.286270141602,0.0137536045514659
773.422601222992,0.0140031880385549
771.558932304382,0.0145462356055344
769.695263385773,0.0143623346670101
767.831594467163,0.0139450632370519
765.967925548553,0.0138760000531987
764.104256629944,0.0146006655693747
762.240587711334,0.0149517288146353
760.376918792725,0.0142285616568247
758.513249874115,0.0145324884502052
756.649580955505,0.0152629608805647
754.785912036896,0.0154329502645733
752.922243118286,0.0156982168023147
751.058574199677,0.0165360376199533
749.194905281067,0.0175126630338443
747.331236362457,0.0180125739173549
745.467567443848,0.0183734622112005
743.603898525238,0.0193485154232026
741.740229606628,0.020487875151524
739.876560688019,0.0220441702075408
738.012891769409,0.0238985723940441
736.1492228508,0.0264778009026772
734.28555393219,0.034014498075194
732.42188501358,0.055891863026349
730.558216094971,0.0828979573136194
728.694547176361,0.0889704873489578
726.830878257751,0.081724775400132
724.967209339142,0.083264077410474
723.103540420532,0.10017565325433
721.239871501923,0.135544038699434
719.376202583313,0.175059708247897
717.512533664703,0.188196218476306
715.648864746094,0.164741709231168
713.785195827484,0.122345147070376
711.921526908875,0.0868279191392472
710.057857990265,0.0655794824606528
708.194189071655,0.0518263563967791
706.330520153046,0.0423328183163943
704.466851234436,0.0357244228222935
702.603182315826,0.030247390775407
700.739513397217,0.0264066214397893
698.875844478607,0.0237199752798746
697.012175559998,0.0225485583378996
695.148506641388,0.0222950154117694
693.284837722778,0.022014105514347
691.421168804169,0.0212891323988302
689.557499885559,0.019542468882925
687.693830966949,0.0179516510939263
685.83016204834,0.017684123594157
683.96649312973,0.0178361118692618
682.102824211121,0.0168461899483564
680.239155292511,0.0147856504799258
678.375486373901,0.0136417648525456
676.511817455292,0.0150690701709958
674.648148536682,0.0158239988475037
672.784479618073,0.0139937785749832
670.920810699463,0.0133345885925169
669.057141780853,0.0140950610590346
667.193472862244,0.0149811281072537
665.329803943634,0.0134152470373891
663.466135025024,0.0126704587955492
661.602466106415,0.0137155283490045
659.738797187805,0.013392716599468
657.875128269196,0.0130474822537554
656.011459350586,0.0144951632209667
654.147790431976,0.0152524717439845
652.284121513367,0.0135651117249912
650.420452594757,0.0116919659564133
